"No.","Time","Source","Destination","Protocol","Length","Info"
"4334","83.176382","192.168.0.101","106.51.156.144","HTTP","178","GET /ncsi.txt HTTP/1.1 "
"4337","83.191634","106.51.156.144","192.168.0.101","HTTP","233","HTTP/1.1 200 OK  (text/plain)"
"16194","319.079826","192.168.0.101","49.205.163.145","HTTP","208","GET /connecttest.txt HTTP/1.1 "
"16202","319.086364","2406:7400:ff03:205c:d7a:2da7:512d:259b","2406:7400:38:3::31cd:a392","HTTP","229","GET /connecttest.txt HTTP/1.1 "
"16223","319.113690","49.205.163.145","192.168.0.101","HTTP","241","HTTP/1.1 200 OK  (text/plain)"
"16229","319.124560","2406:7400:38:3::31cd:a392","2406:7400:ff03:205c:d7a:2da7:512d:259b","HTTP","261","HTTP/1.1 200 OK  (text/plain)"
"16392","319.684094","2406:7400:ff03:205c:d7a:2da7:512d:259b","2406:7400:48:4::6a33:9c90","HTTP","186","GET /connecttest.txt HTTP/1.1 "
"16393","319.684104","192.168.0.101","106.51.156.144","HTTP","165","GET /connecttest.txt HTTP/1.1 "
"16397","319.689229","2406:7400:48:4::6a33:9c90","2406:7400:ff03:205c:d7a:2da7:512d:259b","HTTP","261","HTTP/1.1 200 OK  (text/plain)"
"16398","319.689229","106.51.156.144","192.168.0.101","HTTP","241","HTTP/1.1 200 OK  (text/plain)"
"16987","324.853650","2406:7400:ff03:205c:d7a:2da7:512d:259b","2a03:2880:f237:1c6:face:b00c:0:7260","HTTP","79","POST /chat HTTP/1.1 "
"28551","716.454158","2406:7400:ff03:205c:d7a:2da7:512d:259b","2406:7400:48:4::6a33:9c90","HTTP","229","GET /connecttest.txt HTTP/1.1 "
"28555","716.459848","2406:7400:48:4::6a33:9c90","2406:7400:ff03:205c:d7a:2da7:512d:259b","HTTP","261","HTTP/1.1 200 OK  (text/plain)"
"28565","716.480987","192.168.0.101","106.51.156.144","HTTP","208","GET /connecttest.txt HTTP/1.1 "
"28567","716.486760","106.51.156.144","192.168.0.101","HTTP","241","HTTP/1.1 200 OK  (text/plain)"
"28735","717.323928","2406:7400:ff03:205c:d7a:2da7:512d:259b","2406:7400:48:4::6a33:9c98","HTTP","186","GET /connecttest.txt HTTP/1.1 "
"28737","717.327518","2406:7400:48:4::6a33:9c98","2406:7400:ff03:205c:d7a:2da7:512d:259b","HTTP","261","HTTP/1.1 200 OK  (text/plain)"
"28741","717.354747","192.168.0.101","106.51.156.139","HTTP","165","GET /connecttest.txt HTTP/1.1 "
"28743","717.359009","106.51.156.139","192.168.0.101","HTTP","241","HTTP/1.1 200 OK  (text/plain)"
"28790","717.616278","192.168.0.101","106.51.156.139","HTTP","178","GET /ncsi.txt HTTP/1.1 "
"28796","717.620096","106.51.156.139","192.168.0.101","HTTP","233","HTTP/1.1 200 OK  (text/plain)"
"62248","1197.322263","192.168.0.101","106.51.156.139","HTTP","165","GET /connecttest.txt HTTP/1.1 "
"62250","1197.322298","2406:7400:ff03:205c:d7a:2da7:512d:259b","2406:7400:48:4::6a33:9c90","HTTP","186","GET /connecttest.txt HTTP/1.1 "
"62253","1197.327660","106.51.156.139","192.168.0.101","HTTP","241","HTTP/1.1 200 OK  (text/plain)"
"62255","1197.327660","2406:7400:48:4::6a33:9c90","2406:7400:ff03:205c:d7a:2da7:512d:259b","HTTP","261","HTTP/1.1 200 OK  (text/plain)"
"69590","1283.188243","192.168.0.101","106.51.156.139","HTTP","178","GET /ncsi.txt HTTP/1.1 "
"69592","1283.192199","106.51.156.139","192.168.0.101","HTTP","233","HTTP/1.1 200 OK  (text/plain)"
"88207","1589.325835","192.168.0.101","106.51.156.152","HTTP","340","GET /msdownload/update/v3/static/trustedr/en/disallowedcertstl.cab?0b315b66ae2e3eca HTTP/1.1 "
"88210","1589.329273","106.51.156.152","192.168.0.101","HTTP","320","HTTP/1.1 304 Not Modified "
"88897","1604.523205","2406:7400:ff03:205c:d7a:2da7:512d:259b","2406:7400:48:4::6a33:9c98","HTTP","360","GET /msdownload/update/v3/static/trustedr/en/disallowedcertstl.cab?61ad1e66eadfe1a9 HTTP/1.1 "
"88900","1604.610268","2406:7400:48:4::6a33:9c98","2406:7400:ff03:205c:d7a:2da7:512d:259b","HTTP","340","HTTP/1.1 304 Not Modified "
"111644","1883.165628","192.168.0.101","106.51.156.144","HTTP","178","GET /ncsi.txt HTTP/1.1 "
"111646","1883.170389","106.51.156.144","192.168.0.101","HTTP","233","HTTP/1.1 200 OK  (text/plain)"
"160100","2157.795865","192.168.0.101","106.51.156.144","HTTP","165","GET /connecttest.txt HTTP/1.1 "
"160101","2157.795901","2406:7400:ff03:205c:d7a:2da7:512d:259b","2406:7400:48:4::6a33:9c90","HTTP","186","GET /connecttest.txt HTTP/1.1 "
"160104","2157.801277","2406:7400:48:4::6a33:9c90","2406:7400:ff03:205c:d7a:2da7:512d:259b","HTTP","261","HTTP/1.1 200 OK  (text/plain)"
"160105","2157.801277","106.51.156.144","192.168.0.101","HTTP","241","HTTP/1.1 200 OK  (text/plain)"
"160634","2163.662955","2406:7400:ff03:205c:d7a:2da7:512d:259b","2404:6800:4007:818::2003","HTTP","274","GET /r/r1.crl HTTP/1.1 "
"160636","2163.678382","2404:6800:4007:818::2003","2406:7400:ff03:205c:d7a:2da7:512d:259b","HTTP","296","HTTP/1.1 304 Not Modified "
"160654","2163.802145","2406:7400:ff03:205c:d7a:2da7:512d:259b","2600:140f:3:1199::21cc","HTTP","301","GET / HTTP/1.1 "
"160657","2163.830923","2600:140f:3:1199::21cc","2406:7400:ff03:205c:d7a:2da7:512d:259b","HTTP","337","HTTP/1.1 304 Not Modified "
"160669","2163.959370","2406:7400:ff03:205c:d7a:2da7:512d:259b","2600:140f:3:11a9::21cc","HTTP","301","GET / HTTP/1.1 "
"160672","2163.986202","2600:140f:3:11a9::21cc","2406:7400:ff03:205c:d7a:2da7:512d:259b","HTTP","337","HTTP/1.1 304 Not Modified "
"166428","2298.556796","2406:7400:ff03:205c:d7a:2da7:512d:259b","2a04:4e42:9::684","HTTP","427","HEAD /filestreamingservice/files/bc35041b-0856-43ed-996f-3734dd62fdc1?P1=1731524575&P2=404&P3=2&P4=Jrxh1OQqXrUeyVjddQANYwa4G3foJNWkvIWU2QupEwgHlbBLlwkUkBTRa14eyY28%2f0L857EHQT%2bpDJBoQpbG9A%3d%3d HTTP/1.1 "
"166440","2298.753703","2a04:4e42:9::684","2406:7400:ff03:205c:d7a:2da7:512d:259b","HTTP","691","HTTP/1.1 200 OK "
"166585","2299.279546","192.168.0.101","106.51.156.153","HTTP","222","GET /molbin/iss-loc/enganalytics/content/1.24/101/1/events.json HTTP/1.1 "
"166588","2299.286051","106.51.156.153","192.168.0.101","HTTP","287","HTTP/1.1 301 Moved Permanently "
"166590","2299.300598","2406:7400:ff03:205c:d7a:2da7:512d:259b","2a04:4e42:9::684","HTTP","499","GET /filestreamingservice/files/bc35041b-0856-43ed-996f-3734dd62fdc1?P1=1731524575&P2=404&P3=2&P4=Jrxh1OQqXrUeyVjddQANYwa4G3foJNWkvIWU2QupEwgHlbBLlwkUkBTRa14eyY28%2f0L857EHQT%2bpDJBoQpbG9A%3d%3d HTTP/1.1 "
"166753","2299.497798","2a04:4e42:9::684","2406:7400:ff03:205c:d7a:2da7:512d:259b","HTTP","438","HTTP/1.1 206 Partial Content  (application/x-chrome-extension)"
"167221","2304.007047","2406:7400:ff03:205c:d7a:2da7:512d:259b","2a04:4e42:9::684","HTTP","502","GET /filestreamingservice/files/bc35041b-0856-43ed-996f-3734dd62fdc1?P1=1731524575&P2=404&P3=2&P4=Jrxh1OQqXrUeyVjddQANYwa4G3foJNWkvIWU2QupEwgHlbBLlwkUkBTRa14eyY28%2f0L857EHQT%2bpDJBoQpbG9A%3d%3d HTTP/1.1 "
"167227","2304.250752","2a04:4e42:9::684","2406:7400:ff03:205c:d7a:2da7:512d:259b","HTTP","1287","HTTP/1.1 206 Partial Content  (application/x-chrome-extension)"
"167245","2305.197387","2406:7400:ff03:205c:d7a:2da7:512d:259b","2a04:4e42:9::684","HTTP","502","GET /filestreamingservice/files/bc35041b-0856-43ed-996f-3734dd62fdc1?P1=1731524575&P2=404&P3=2&P4=Jrxh1OQqXrUeyVjddQANYwa4G3foJNWkvIWU2QupEwgHlbBLlwkUkBTRa14eyY28%2f0L857EHQT%2bpDJBoQpbG9A%3d%3d HTTP/1.1 "
"167250","2305.457812","2a04:4e42:9::684","2406:7400:ff03:205c:d7a:2da7:512d:259b","HTTP","1073","HTTP/1.1 206 Partial Content  (application/x-chrome-extension)"
"169838","2359.206691","2406:7400:ff03:205c:d7a:2da7:512d:259b","2404:6800:4007:818::2003","HTTP","276","GET /r/gsr1.crl HTTP/1.1 "
"169843","2359.226076","2404:6800:4007:818::2003","2406:7400:ff03:205c:d7a:2da7:512d:259b","HTTP","297","HTTP/1.1 304 Not Modified "
"169844","2359.255454","2406:7400:ff03:205c:d7a:2da7:512d:259b","2404:6800:4007:818::2003","HTTP","274","GET /r/r4.crl HTTP/1.1 "
"169845","2359.274240","2404:6800:4007:818::2003","2406:7400:ff03:205c:d7a:2da7:512d:259b","HTTP","297","HTTP/1.1 304 Not Modified "
"176661","2451.742529","2406:7400:ff03:205c:d7a:2da7:512d:259b","2404:6800:4007:818::2003","HTTP","274","GET /r/r1.crl HTTP/1.1 "
"176673","2451.767994","2404:6800:4007:818::2003","2406:7400:ff03:205c:d7a:2da7:512d:259b","HTTP","296","HTTP/1.1 304 Not Modified "
"176787","2452.028837","2406:7400:ff03:205c:d7a:2da7:512d:259b","2600:140f:3:1199::21cc","HTTP","301","GET / HTTP/1.1 "
"176795","2452.049268","2600:140f:3:1199::21cc","2406:7400:ff03:205c:d7a:2da7:512d:259b","HTTP","337","HTTP/1.1 304 Not Modified "
"176908","2452.320386","2406:7400:ff03:205c:d7a:2da7:512d:259b","2600:140f:3:11a9::21cc","HTTP","301","GET / HTTP/1.1 "
"176920","2452.346588","2600:140f:3:11a9::21cc","2406:7400:ff03:205c:d7a:2da7:512d:259b","HTTP","337","HTTP/1.1 304 Not Modified "
"177040","2452.633018","192.168.0.101","43.175.154.15","HTTP","335","GET /msdownload/update/v3/static/trustedr/en/authrootstl.cab?cbad4b381baacd53 HTTP/1.1 "
"177058","2452.676917","43.175.154.15","192.168.0.101","HTTP","357","HTTP/1.1 304 Not Modified "
"177118","2452.813720","2406:7400:ff03:205c:d7a:2da7:512d:259b","2404:6800:4007:818::2003","HTTP","274","GET /r/r4.crl HTTP/1.1 "
"177130","2452.838835","2404:6800:4007:818::2003","2406:7400:ff03:205c:d7a:2da7:512d:259b","HTTP","297","HTTP/1.1 304 Not Modified "
"177180","2452.961704","2406:7400:ff03:205c:d7a:2da7:512d:259b","2404:6800:4007:818::2003","HTTP","276","GET /r/gsr4.crl HTTP/1.1 "
"177191","2452.989910","2404:6800:4007:818::2003","2406:7400:ff03:205c:d7a:2da7:512d:259b","HTTP","296","HTTP/1.1 304 Not Modified "
"177306","2453.286307","192.168.0.101","43.175.154.15","HTTP","336","GET /msdownload/update/v3/static/trustedr/en/pinrulesstl.cab?1a316182245549c6 HTTP/1.1 "
"177330","2453.344540","43.175.154.15","192.168.0.101","HTTP","388","HTTP/1.1 304 Not Modified "
"179748","2469.464650","192.168.0.101","43.175.154.15","HTTP","336","GET /msdownload/update/v3/static/trustedr/en/pinrulesstl.cab?32eaad8e79dd4fa1 HTTP/1.1 "
"179750","2469.511845","43.175.154.15","192.168.0.101","HTTP","388","HTTP/1.1 304 Not Modified "
"179856","2471.604905","2406:7400:ff03:205c:d7a:2da7:512d:259b","2404:6800:4007:818::2003","HTTP","276","GET /r/gsr1.crl HTTP/1.1 "
"179858","2471.623230","2404:6800:4007:818::2003","2406:7400:ff03:205c:d7a:2da7:512d:259b","HTTP","297","HTTP/1.1 304 Not Modified "
"179861","2471.651607","2406:7400:ff03:205c:d7a:2da7:512d:259b","2404:6800:4007:818::2003","HTTP","274","GET /r/r4.crl HTTP/1.1 "
"179862","2471.670727","2404:6800:4007:818::2003","2406:7400:ff03:205c:d7a:2da7:512d:259b","HTTP","297","HTTP/1.1 304 Not Modified "
"179867","2471.744942","192.168.0.101","43.175.154.15","HTTP","336","GET /msdownload/update/v3/static/trustedr/en/pinrulesstl.cab?0c9d0f28478a6c52 HTTP/1.1 "
"179883","2471.788694","43.175.154.15","192.168.0.101","HTTP","387","HTTP/1.1 304 Not Modified "
"183699","2483.153607","192.168.0.101","106.51.156.144","HTTP","178","GET /ncsi.txt HTTP/1.1 "
"183708","2483.160633","106.51.156.144","192.168.0.101","HTTP","233","HTTP/1.1 200 OK  (text/plain)"
"189669","2606.324386","2406:7400:ff03:205c:d7a:2da7:512d:259b","2406:7400:48:4::6a33:9c98","HTTP","324","GET /d/msdownload/update/others/2024/11/42237968_b0f5bd03f44691cb3265567c3bd28cdccb55ab76.cab HTTP/1.1 "
"189676","2606.328885","2406:7400:48:4::6a33:9c98","2406:7400:ff03:205c:d7a:2da7:512d:259b","HTTP","586","HTTP/1.1 200 OK  (application/vnd.ms-cab-compressed)"
"189680","2606.334292","2406:7400:ff03:205c:d7a:2da7:512d:259b","2406:7400:48:4::6a33:9c98","HTTP","324","GET /d/msdownload/update/others/2024/11/42237967_147747ac558cdfbbc615f58905a9ca82a5846417.cab HTTP/1.1 "
"189688","2606.346061","2406:7400:48:4::6a33:9c98","2406:7400:ff03:205c:d7a:2da7:512d:259b","HTTP","576","HTTP/1.1 200 OK  (application/vnd.ms-cab-compressed)"
"189691","2606.351910","2406:7400:ff03:205c:d7a:2da7:512d:259b","2406:7400:48:4::6a33:9c98","HTTP","324","GET /c/msdownload/update/others/2024/11/42237435_f8bd093c681e8d4c38c35f8639b67b791afcb809.cab HTTP/1.1 "
"189698","2606.355591","2406:7400:48:4::6a33:9c98","2406:7400:ff03:205c:d7a:2da7:512d:259b","HTTP","499","HTTP/1.1 200 OK  (application/vnd.ms-cab-compressed)"
"189702","2606.361852","2406:7400:ff03:205c:d7a:2da7:512d:259b","2406:7400:48:4::6a33:9c98","HTTP","324","GET /c/msdownload/update/others/2024/11/42237434_c4b91649849aa64d124633421c5e8ca093174f7d.cab HTTP/1.1 "
"189708","2606.366750","2406:7400:48:4::6a33:9c98","2406:7400:ff03:205c:d7a:2da7:512d:259b","HTTP","503","HTTP/1.1 200 OK  (application/vnd.ms-cab-compressed)"
"189712","2606.371863","2406:7400:ff03:205c:d7a:2da7:512d:259b","2406:7400:48:4::6a33:9c98","HTTP","324","GET /c/msdownload/update/others/2024/11/42237433_cf0af187a7da06886c1f404ec21996e70f0cbad9.cab HTTP/1.1 "
"189718","2606.379723","2406:7400:48:4::6a33:9c98","2406:7400:ff03:205c:d7a:2da7:512d:259b","HTTP","503","HTTP/1.1 200 OK  (application/vnd.ms-cab-compressed)"
"189722","2606.385361","2406:7400:ff03:205c:d7a:2da7:512d:259b","2406:7400:48:4::6a33:9c98","HTTP","324","GET /c/msdownload/update/others/2024/11/42237432_4a9d2d7895a709359da122af6d81f4551d167ddf.cab HTTP/1.1 "
"189728","2606.388684","2406:7400:48:4::6a33:9c98","2406:7400:ff03:205c:d7a:2da7:512d:259b","HTTP","503","HTTP/1.1 200 OK  (application/vnd.ms-cab-compressed)"
"189732","2606.393332","2406:7400:ff03:205c:d7a:2da7:512d:259b","2406:7400:48:4::6a33:9c98","HTTP","324","GET /c/msdownload/update/others/2024/11/42237431_d7369092cc2e5d12310c86b53e06d8993d706d18.cab HTTP/1.1 "
"189738","2606.397117","2406:7400:48:4::6a33:9c98","2406:7400:ff03:205c:d7a:2da7:512d:259b","HTTP","505","HTTP/1.1 200 OK  (application/vnd.ms-cab-compressed)"
"189742","2606.403340","2406:7400:ff03:205c:d7a:2da7:512d:259b","2406:7400:48:4::6a33:9c98","HTTP","324","GET /c/msdownload/update/others/2024/11/42237430_d89875852ebde2fe976fd0b162f4e86c01b38938.cab HTTP/1.1 "
"189748","2606.408631","2406:7400:48:4::6a33:9c98","2406:7400:ff03:205c:d7a:2da7:512d:259b","HTTP","505","HTTP/1.1 200 OK  (application/vnd.ms-cab-compressed)"
"189752","2606.415034","2406:7400:ff03:205c:d7a:2da7:512d:259b","2406:7400:48:4::6a33:9c98","HTTP","324","GET /c/msdownload/update/others/2024/11/42237429_90d102de5f6c4a8c7bd5b5c99bb9713262ba3751.cab HTTP/1.1 "
"189758","2606.419207","2406:7400:48:4::6a33:9c98","2406:7400:ff03:205c:d7a:2da7:512d:259b","HTTP","503","HTTP/1.1 200 OK  (application/vnd.ms-cab-compressed)"
"189763","2606.425005","2406:7400:ff03:205c:d7a:2da7:512d:259b","2406:7400:48:4::6a33:9c98","HTTP","324","GET /c/msdownload/update/others/2024/11/42237428_9c0daaa81f9f623ef6a1f8a7da4682c31c33eb89.cab HTTP/1.1 "
"189769","2606.428323","2406:7400:48:4::6a33:9c98","2406:7400:ff03:205c:d7a:2da7:512d:259b","HTTP","503","HTTP/1.1 200 OK  (application/vnd.ms-cab-compressed)"
"189773","2606.432828","2406:7400:ff03:205c:d7a:2da7:512d:259b","2406:7400:48:4::6a33:9c98","HTTP","324","GET /c/msdownload/update/others/2024/11/42237427_ff71c791b1d290584db7c7abacb9d0020cf27e26.cab HTTP/1.1 "
"189779","2606.436258","2406:7400:48:4::6a33:9c98","2406:7400:ff03:205c:d7a:2da7:512d:259b","HTTP","503","HTTP/1.1 200 OK  (application/vnd.ms-cab-compressed)"
"189785","2606.441451","2406:7400:ff03:205c:d7a:2da7:512d:259b","2406:7400:48:4::6a33:9c98","HTTP","324","GET /c/msdownload/update/others/2024/11/42237426_4336f66c8f70f3b24bee51e8e113741914972f47.cab HTTP/1.1 "
"189791","2606.449300","2406:7400:48:4::6a33:9c98","2406:7400:ff03:205c:d7a:2da7:512d:259b","HTTP","497","HTTP/1.1 200 OK  (application/vnd.ms-cab-compressed)"
"189795","2606.457856","2406:7400:ff03:205c:d7a:2da7:512d:259b","2406:7400:48:4::6a33:9c98","HTTP","324","GET /c/msdownload/update/others/2024/11/42237425_6b934eb48d2894ce0049d37de862737a9a599f06.cab HTTP/1.1 "
"189801","2606.461078","2406:7400:48:4::6a33:9c98","2406:7400:ff03:205c:d7a:2da7:512d:259b","HTTP","503","HTTP/1.1 200 OK  (application/vnd.ms-cab-compressed)"
"189805","2606.463682","2406:7400:ff03:205c:d7a:2da7:512d:259b","2406:7400:48:4::6a33:9c98","HTTP","324","GET /c/msdownload/update/others/2024/11/42237424_579aed10ac5304c490edd28b5df7278dbda04382.cab HTTP/1.1 "
"189811","2606.468914","2406:7400:48:4::6a33:9c98","2406:7400:ff03:205c:d7a:2da7:512d:259b","HTTP","501","HTTP/1.1 200 OK  (application/vnd.ms-cab-compressed)"
"189816","2606.473553","2406:7400:ff03:205c:d7a:2da7:512d:259b","2406:7400:48:4::6a33:9c98","HTTP","324","GET /c/msdownload/update/others/2024/11/42237423_e96319bbeb1def618f306da426cf1452ec159483.cab HTTP/1.1 "
"189822","2606.479404","2406:7400:48:4::6a33:9c98","2406:7400:ff03:205c:d7a:2da7:512d:259b","HTTP","503","HTTP/1.1 200 OK  (application/vnd.ms-cab-compressed)"
"189827","2606.486105","2406:7400:ff03:205c:d7a:2da7:512d:259b","2406:7400:48:4::6a33:9c98","HTTP","324","GET /c/msdownload/update/others/2024/11/42237422_29cc1a673b9ca0b114938c264bbb693a1a937353.cab HTTP/1.1 "
"189865","2606.489511","2406:7400:48:4::6a33:9c98","2406:7400:ff03:205c:d7a:2da7:512d:259b","HTTP","501","HTTP/1.1 200 OK  (application/vnd.ms-cab-compressed)"
"189938","2606.498059","2406:7400:ff03:205c:d7a:2da7:512d:259b","2406:7400:48:4::6a33:9c98","HTTP","324","GET /c/msdownload/update/others/2024/11/42237421_56c2988c12bff9b7c7a5f81d7ec33729a926735a.cab HTTP/1.1 "
"189944","2606.501563","2406:7400:48:4::6a33:9c98","2406:7400:ff03:205c:d7a:2da7:512d:259b","HTTP","497","HTTP/1.1 200 OK  (application/vnd.ms-cab-compressed)"
"189948","2606.506244","2406:7400:ff03:205c:d7a:2da7:512d:259b","2406:7400:48:4::6a33:9c98","HTTP","324","GET /c/msdownload/update/others/2024/11/42237420_597c7ede9db5867f1fa15242555eaf63a5774817.cab HTTP/1.1 "
"189954","2606.509617","2406:7400:48:4::6a33:9c98","2406:7400:ff03:205c:d7a:2da7:512d:259b","HTTP","495","HTTP/1.1 200 OK  (application/vnd.ms-cab-compressed)"
"189959","2606.514161","2406:7400:ff03:205c:d7a:2da7:512d:259b","2406:7400:48:4::6a33:9c98","HTTP","324","GET /c/msdownload/update/others/2024/11/42237387_4730ca8287ec673daf75a7beafedff5cac5a4ae2.cab HTTP/1.1 "
"189967","2606.520426","2406:7400:48:4::6a33:9c98","2406:7400:ff03:205c:d7a:2da7:512d:259b","HTTP","502","HTTP/1.1 200 OK  (application/vnd.ms-cab-compressed)"
"189971","2606.527905","2406:7400:ff03:205c:d7a:2da7:512d:259b","2406:7400:48:4::6a33:9c98","HTTP","324","GET /c/msdownload/update/others/2024/11/42237386_6d69ae6c5642dcdfa048eed461c5ffce80db11b1.cab HTTP/1.1 "
"189978","2606.531209","2406:7400:48:4::6a33:9c98","2406:7400:ff03:205c:d7a:2da7:512d:259b","HTTP","496","HTTP/1.1 200 OK  (application/vnd.ms-cab-compressed)"
"189983","2606.536126","2406:7400:ff03:205c:d7a:2da7:512d:259b","2406:7400:48:4::6a33:9c98","HTTP","324","GET /c/msdownload/update/others/2024/11/42237385_309e7da80fa3995af9f050da27b844d89ad0026b.cab HTTP/1.1 "
"189994","2606.540044","2406:7400:48:4::6a33:9c98","2406:7400:ff03:205c:d7a:2da7:512d:259b","HTTP","506","HTTP/1.1 200 OK  (application/vnd.ms-cab-compressed)"
"189998","2606.548569","2406:7400:ff03:205c:d7a:2da7:512d:259b","2406:7400:48:4::6a33:9c98","HTTP","324","GET /c/msdownload/update/others/2024/11/42237384_2b316e441df14a3f11a22fddd6a0d8967699e7fb.cab HTTP/1.1 "
"190004","2606.552250","2406:7400:48:4::6a33:9c98","2406:7400:ff03:205c:d7a:2da7:512d:259b","HTTP","500","HTTP/1.1 200 OK  (application/vnd.ms-cab-compressed)"
"190008","2606.557092","2406:7400:ff03:205c:d7a:2da7:512d:259b","2406:7400:48:4::6a33:9c98","HTTP","324","GET /c/msdownload/update/others/2024/11/42237383_9ff305e64bafe13d80718e61f258471d04b83688.cab HTTP/1.1 "
"190014","2606.564069","2406:7400:48:4::6a33:9c98","2406:7400:ff03:205c:d7a:2da7:512d:259b","HTTP","506","HTTP/1.1 200 OK  (application/vnd.ms-cab-compressed)"
"190018","2606.572763","2406:7400:ff03:205c:d7a:2da7:512d:259b","2406:7400:48:4::6a33:9c98","HTTP","324","GET /c/msdownload/update/others/2024/11/42237382_d3e3e5ecbe26b1cf8b09f35ef8ade315b9faaa2f.cab HTTP/1.1 "
"190024","2606.579204","2406:7400:48:4::6a33:9c98","2406:7400:ff03:205c:d7a:2da7:512d:259b","HTTP","506","HTTP/1.1 200 OK  (application/vnd.ms-cab-compressed)"
"190028","2606.585548","2406:7400:ff03:205c:d7a:2da7:512d:259b","2406:7400:48:4::6a33:9c98","HTTP","324","GET /c/msdownload/update/others/2024/11/42237381_d6a535f2a9eeaf8f74f916f97bd530af65fda75a.cab HTTP/1.1 "
"190034","2606.588783","2406:7400:48:4::6a33:9c98","2406:7400:ff03:205c:d7a:2da7:512d:259b","HTTP","496","HTTP/1.1 200 OK  (application/vnd.ms-cab-compressed)"
"190038","2606.595142","2406:7400:ff03:205c:d7a:2da7:512d:259b","2406:7400:48:4::6a33:9c98","HTTP","324","GET /c/msdownload/update/others/2024/11/42237380_e2730b42c3ed7256d23e742e3cb16e1c452b70fc.cab HTTP/1.1 "
"190044","2606.600014","2406:7400:48:4::6a33:9c98","2406:7400:ff03:205c:d7a:2da7:512d:259b","HTTP","500","HTTP/1.1 200 OK  (application/vnd.ms-cab-compressed)"
"190048","2606.607041","2406:7400:ff03:205c:d7a:2da7:512d:259b","2406:7400:48:4::6a33:9c98","HTTP","324","GET /c/msdownload/update/others/2024/11/42237379_8159ddb4460e8895793a46428c1f60688a228b58.cab HTTP/1.1 "
"190054","2606.611904","2406:7400:48:4::6a33:9c98","2406:7400:ff03:205c:d7a:2da7:512d:259b","HTTP","506","HTTP/1.1 200 OK  (application/vnd.ms-cab-compressed)"
"190058","2606.618093","2406:7400:ff03:205c:d7a:2da7:512d:259b","2406:7400:48:4::6a33:9c98","HTTP","324","GET /c/msdownload/update/others/2024/11/42237378_380158edecc935d707bb35d50148ee0ca7f725e8.cab HTTP/1.1 "
"190064","2606.621440","2406:7400:48:4::6a33:9c98","2406:7400:ff03:205c:d7a:2da7:512d:259b","HTTP","502","HTTP/1.1 200 OK  (application/vnd.ms-cab-compressed)"
"190068","2606.627170","2406:7400:ff03:205c:d7a:2da7:512d:259b","2406:7400:48:4::6a33:9c98","HTTP","324","GET /c/msdownload/update/others/2024/11/42237377_c8769a844a94b078953fd7597ff5dc90be76ed05.cab HTTP/1.1 "
"190074","2606.630879","2406:7400:48:4::6a33:9c98","2406:7400:ff03:205c:d7a:2da7:512d:259b","HTTP","504","HTTP/1.1 200 OK  (application/vnd.ms-cab-compressed)"
"190078","2606.637186","2406:7400:ff03:205c:d7a:2da7:512d:259b","2406:7400:48:4::6a33:9c98","HTTP","324","GET /c/msdownload/update/others/2024/11/42237376_0e90cb9f50e24fcfdc41e5cb0b6c12f16fb13072.cab HTTP/1.1 "
"190084","2606.642578","2406:7400:48:4::6a33:9c98","2406:7400:ff03:205c:d7a:2da7:512d:259b","HTTP","502","HTTP/1.1 200 OK  (application/vnd.ms-cab-compressed)"
"190088","2606.646953","2406:7400:ff03:205c:d7a:2da7:512d:259b","2406:7400:48:4::6a33:9c98","HTTP","324","GET /c/msdownload/update/others/2024/11/42237375_15c8d7bfe449c62723a7d244e5907720df01bf1f.cab HTTP/1.1 "
"190094","2606.657317","2406:7400:48:4::6a33:9c98","2406:7400:ff03:205c:d7a:2da7:512d:259b","HTTP","506","HTTP/1.1 200 OK  (application/vnd.ms-cab-compressed)"
"190098","2606.666314","2406:7400:ff03:205c:d7a:2da7:512d:259b","2406:7400:48:4::6a33:9c98","HTTP","324","GET /c/msdownload/update/others/2024/11/42237374_f4334ff2ac5f0fcc5161569e0b6b5120c977fe95.cab HTTP/1.1 "
"190104","2606.670887","2406:7400:48:4::6a33:9c98","2406:7400:ff03:205c:d7a:2da7:512d:259b","HTTP","508","HTTP/1.1 200 OK  (application/vnd.ms-cab-compressed)"
"190108","2606.678189","2406:7400:ff03:205c:d7a:2da7:512d:259b","2406:7400:48:4::6a33:9c98","HTTP","324","GET /c/msdownload/update/others/2024/11/42237373_7cd6ea31e3a7237ed5e0b40b16d2ffb034ec0e63.cab HTTP/1.1 "
"190114","2606.681195","2406:7400:48:4::6a33:9c98","2406:7400:ff03:205c:d7a:2da7:512d:259b","HTTP","502","HTTP/1.1 200 OK  (application/vnd.ms-cab-compressed)"
"190118","2606.688159","2406:7400:ff03:205c:d7a:2da7:512d:259b","2406:7400:48:4::6a33:9c98","HTTP","324","GET /c/msdownload/update/others/2024/11/42237372_736077a3382bcfbb9fadc914a5d8c9c6c8a43046.cab HTTP/1.1 "
"190124","2606.691907","2406:7400:48:4::6a33:9c98","2406:7400:ff03:205c:d7a:2da7:512d:259b","HTTP","506","HTTP/1.1 200 OK  (application/vnd.ms-cab-compressed)"
"190128","2606.698164","2406:7400:ff03:205c:d7a:2da7:512d:259b","2406:7400:48:4::6a33:9c98","HTTP","324","GET /c/msdownload/update/others/2024/11/42237369_7a4ca3498b2ae017ed8c687b05e172e3b7f46bb1.cab HTTP/1.1 "
"190134","2606.703855","2406:7400:48:4::6a33:9c98","2406:7400:ff03:205c:d7a:2da7:512d:259b","HTTP","672","HTTP/1.1 200 OK  (application/vnd.ms-cab-compressed)"
"190138","2606.712027","2406:7400:ff03:205c:d7a:2da7:512d:259b","2406:7400:48:4::6a33:9c98","HTTP","324","GET /c/msdownload/update/others/2024/11/42237368_14d581f3c9cbac9ce6a5a160f28d1a4c387cb60a.cab HTTP/1.1 "
"190144","2606.715186","2406:7400:48:4::6a33:9c98","2406:7400:ff03:205c:d7a:2da7:512d:259b","HTTP","669","HTTP/1.1 200 OK  (application/vnd.ms-cab-compressed)"
"190148","2606.722206","2406:7400:ff03:205c:d7a:2da7:512d:259b","2406:7400:48:4::6a33:9c98","HTTP","324","GET /c/msdownload/update/others/2024/11/42237264_bb8b692ab3bda739618b1c692e60f132851bfe3e.cab HTTP/1.1 "
"190154","2606.725290","2406:7400:48:4::6a33:9c98","2406:7400:ff03:205c:d7a:2da7:512d:259b","HTTP","572","HTTP/1.1 200 OK  (application/vnd.ms-cab-compressed)"
"190158","2606.732208","2406:7400:ff03:205c:d7a:2da7:512d:259b","2406:7400:48:4::6a33:9c98","HTTP","324","GET /c/msdownload/update/others/2024/11/42237263_9a3fa109dca046667f36cda2d4a43838d6e0f8ad.cab HTTP/1.1 "
"190164","2606.736234","2406:7400:48:4::6a33:9c98","2406:7400:ff03:205c:d7a:2da7:512d:259b","HTTP","576","HTTP/1.1 200 OK  (application/vnd.ms-cab-compressed)"
"190168","2606.740627","2406:7400:ff03:205c:d7a:2da7:512d:259b","2406:7400:48:4::6a33:9c98","HTTP","324","GET /d/msdownload/update/others/2024/11/42238709_53c5f2f019b21dbf7363e21e386a50ed6cc1bce9.cab HTTP/1.1 "
"190176","2606.745025","2406:7400:48:4::6a33:9c98","2406:7400:ff03:205c:d7a:2da7:512d:259b","HTTP","878","HTTP/1.1 200 OK  (application/vnd.ms-cab-compressed)"
"190182","2606.749243","2406:7400:ff03:205c:d7a:2da7:512d:259b","2406:7400:48:4::6a33:9c98","HTTP","324","GET /d/msdownload/update/others/2024/11/42238182_df73e68e0c67202a7a67375c385c121f65aa2a10.cab HTTP/1.1 "
"190191","2606.755394","2406:7400:48:4::6a33:9c98","2406:7400:ff03:205c:d7a:2da7:512d:259b","HTTP","868","HTTP/1.1 200 OK  (application/vnd.ms-cab-compressed)"
"190196","2606.763148","2406:7400:ff03:205c:d7a:2da7:512d:259b","2406:7400:48:4::6a33:9c98","HTTP","324","GET /d/msdownload/update/others/2024/11/42238067_3fa072ee02265a1062f9104485bd7b1a27488af3.cab HTTP/1.1 "
"190204","2606.767505","2406:7400:48:4::6a33:9c98","2406:7400:ff03:205c:d7a:2da7:512d:259b","HTTP","889","HTTP/1.1 200 OK  (application/vnd.ms-cab-compressed)"
"190209","2606.775208","2406:7400:ff03:205c:d7a:2da7:512d:259b","2406:7400:48:4::6a33:9c98","HTTP","324","GET /c/msdownload/update/others/2024/11/42237468_313abc3c8467bc4b8cfcd955d58d3e424d1fb15f.cab HTTP/1.1 "
"190217","2606.780067","2406:7400:48:4::6a33:9c98","2406:7400:ff03:205c:d7a:2da7:512d:259b","HTTP","857","HTTP/1.1 200 OK  (application/vnd.ms-cab-compressed)"
"190223","2606.789966","2406:7400:ff03:205c:d7a:2da7:512d:259b","2406:7400:48:4::6a33:9c98","HTTP","324","GET /c/msdownload/update/others/2024/11/42237363_9fdc95c5e5b2d73350956c72451a068eb6c901a7.cab HTTP/1.1 "
"190231","2606.794148","2406:7400:48:4::6a33:9c98","2406:7400:ff03:205c:d7a:2da7:512d:259b","HTTP","867","HTTP/1.1 200 OK  (application/vnd.ms-cab-compressed)"
"190375","2607.940414","2406:7400:ff03:205c:d7a:2da7:512d:259b","2406:7400:48:4::6a33:9c98","HTTP","324","GET /d/msdownload/update/others/2024/11/42238610_5200782b21b8b13ed8d4221afe702d171bed6cd8.cab HTTP/1.1 "
"190381","2607.947360","2406:7400:48:4::6a33:9c98","2406:7400:ff03:205c:d7a:2da7:512d:259b","HTTP","578","HTTP/1.1 200 OK  (application/vnd.ms-cab-compressed)"
"190385","2607.956537","2406:7400:ff03:205c:d7a:2da7:512d:259b","2406:7400:48:4::6a33:9c98","HTTP","324","GET /d/msdownload/update/others/2024/11/42238609_4a5c4b0cc7df28a950fb5c102e98f41671ffa791.cab HTTP/1.1 "
"190391","2607.961919","2406:7400:48:4::6a33:9c98","2406:7400:ff03:205c:d7a:2da7:512d:259b","HTTP","592","HTTP/1.1 200 OK  (application/vnd.ms-cab-compressed)"
"190395","2607.967731","2406:7400:ff03:205c:d7a:2da7:512d:259b","2406:7400:48:4::6a33:9c98","HTTP","324","GET /d/msdownload/update/others/2024/11/42238149_5a2a046e3388f5cc7125a7942a586914184efe50.cab HTTP/1.1 "
"190402","2607.981756","2406:7400:48:4::6a33:9c98","2406:7400:ff03:205c:d7a:2da7:512d:259b","HTTP","505","HTTP/1.1 200 OK  (application/vnd.ms-cab-compressed)"
"190406","2607.987317","2406:7400:ff03:205c:d7a:2da7:512d:259b","2406:7400:48:4::6a33:9c98","HTTP","324","GET /d/msdownload/update/others/2024/11/42238148_cef8b99402172333f525ed54fda51fa56e4bc9e2.cab HTTP/1.1 "
"190412","2607.992497","2406:7400:48:4::6a33:9c98","2406:7400:ff03:205c:d7a:2da7:512d:259b","HTTP","505","HTTP/1.1 200 OK  (application/vnd.ms-cab-compressed)"
"190416","2607.997335","2406:7400:ff03:205c:d7a:2da7:512d:259b","2406:7400:48:4::6a33:9c98","HTTP","324","GET /d/msdownload/update/others/2024/11/42238147_2a6c9cd843ba5fc94dec732ee9a8cea04f63283c.cab HTTP/1.1 "
"190422","2608.004634","2406:7400:48:4::6a33:9c98","2406:7400:ff03:205c:d7a:2da7:512d:259b","HTTP","497","HTTP/1.1 200 OK  (application/vnd.ms-cab-compressed)"
"190426","2608.009302","2406:7400:ff03:205c:d7a:2da7:512d:259b","2406:7400:48:4::6a33:9c98","HTTP","324","GET /d/msdownload/update/others/2024/11/42238146_3f4f0fead51752440ddafd8d641f129fcde34567.cab HTTP/1.1 "
"190432","2608.015388","2406:7400:48:4::6a33:9c98","2406:7400:ff03:205c:d7a:2da7:512d:259b","HTTP","509","HTTP/1.1 200 OK  (application/vnd.ms-cab-compressed)"
"190436","2608.023253","2406:7400:ff03:205c:d7a:2da7:512d:259b","2406:7400:48:4::6a33:9c98","HTTP","324","GET /d/msdownload/update/others/2024/11/42238145_cdf2d227c07fbc2397f906420970e30a0e0bd9f4.cab HTTP/1.1 "
"190442","2608.029323","2406:7400:48:4::6a33:9c98","2406:7400:ff03:205c:d7a:2da7:512d:259b","HTTP","505","HTTP/1.1 200 OK  (application/vnd.ms-cab-compressed)"
"190446","2608.035319","2406:7400:ff03:205c:d7a:2da7:512d:259b","2406:7400:48:4::6a33:9c98","HTTP","324","GET /d/msdownload/update/others/2024/11/42238144_8fa115429dd0ceeffe808eaed9a87539261698d5.cab HTTP/1.1 "
"190456","2608.041946","2406:7400:48:4::6a33:9c98","2406:7400:ff03:205c:d7a:2da7:512d:259b","HTTP","503","HTTP/1.1 200 OK  (application/vnd.ms-cab-compressed)"
"190462","2608.048390","2406:7400:ff03:205c:d7a:2da7:512d:259b","2406:7400:48:4::6a33:9c98","HTTP","324","GET /d/msdownload/update/others/2024/11/42238143_3b6827d9eb9451285cf137f77724591138c8c155.cab HTTP/1.1 "
"190473","2608.059379","2406:7400:48:4::6a33:9c98","2406:7400:ff03:205c:d7a:2da7:512d:259b","HTTP","511","HTTP/1.1 200 OK  (application/vnd.ms-cab-compressed)"
"190477","2608.068478","2406:7400:ff03:205c:d7a:2da7:512d:259b","2406:7400:48:4::6a33:9c98","HTTP","324","GET /d/msdownload/update/others/2024/11/42238142_317945fc2406d1a50c92aee66e80c98a92845987.cab HTTP/1.1 "
"190483","2608.076663","2406:7400:48:4::6a33:9c98","2406:7400:ff03:205c:d7a:2da7:512d:259b","HTTP","511","HTTP/1.1 200 OK  (application/vnd.ms-cab-compressed)"
"190487","2608.082222","2406:7400:ff03:205c:d7a:2da7:512d:259b","2406:7400:48:4::6a33:9c98","HTTP","324","GET /d/msdownload/update/others/2024/11/42238141_95f46c18b966a53eb2c7bdb19a0c7d4d7e205e52.cab HTTP/1.1 "
"190493","2608.086642","2406:7400:48:4::6a33:9c98","2406:7400:ff03:205c:d7a:2da7:512d:259b","HTTP","499","HTTP/1.1 200 OK  (application/vnd.ms-cab-compressed)"
"190497","2608.095173","2406:7400:ff03:205c:d7a:2da7:512d:259b","2406:7400:48:4::6a33:9c98","HTTP","324","GET /d/msdownload/update/others/2024/11/42238140_d3892c08ad32f673ed9e936c9ccaba93dfe0c361.cab HTTP/1.1 "
"190503","2608.103778","2406:7400:48:4::6a33:9c98","2406:7400:ff03:205c:d7a:2da7:512d:259b","HTTP","507","HTTP/1.1 200 OK  (application/vnd.ms-cab-compressed)"
"190507","2608.107442","2406:7400:ff03:205c:d7a:2da7:512d:259b","2406:7400:48:4::6a33:9c98","HTTP","324","GET /d/msdownload/update/others/2024/11/42238139_34d24fb040dfc5968f40755994936fdfa7f4df8c.cab HTTP/1.1 "
"190513","2608.115604","2406:7400:48:4::6a33:9c98","2406:7400:ff03:205c:d7a:2da7:512d:259b","HTTP","501","HTTP/1.1 200 OK  (application/vnd.ms-cab-compressed)"
"190517","2608.121241","2406:7400:ff03:205c:d7a:2da7:512d:259b","2406:7400:48:4::6a33:9c98","HTTP","324","GET /d/msdownload/update/others/2024/11/42238138_8281769c9ed2a4e10a04d4443804a75059672130.cab HTTP/1.1 "
"190523","2608.127578","2406:7400:48:4::6a33:9c98","2406:7400:ff03:205c:d7a:2da7:512d:259b","HTTP","497","HTTP/1.1 200 OK  (application/vnd.ms-cab-compressed)"
"190527","2608.133230","2406:7400:ff03:205c:d7a:2da7:512d:259b","2406:7400:48:4::6a33:9c98","HTTP","324","GET /d/msdownload/update/others/2024/11/42238137_f0a694fdc37bcc570d4b78fbbdd03e0e5722a0c7.cab HTTP/1.1 "
"190533","2608.141128","2406:7400:48:4::6a33:9c98","2406:7400:ff03:205c:d7a:2da7:512d:259b","HTTP","511","HTTP/1.1 200 OK  (application/vnd.ms-cab-compressed)"
"190537","2608.147147","2406:7400:ff03:205c:d7a:2da7:512d:259b","2406:7400:48:4::6a33:9c98","HTTP","324","GET /d/msdownload/update/others/2024/11/42238136_6647d757278913b6169914c59f50fdcb2f9b743b.cab HTTP/1.1 "
"190543","2608.152140","2406:7400:48:4::6a33:9c98","2406:7400:ff03:205c:d7a:2da7:512d:259b","HTTP","510","HTTP/1.1 200 OK  (application/vnd.ms-cab-compressed)"
"190547","2608.160262","2406:7400:ff03:205c:d7a:2da7:512d:259b","2406:7400:48:4::6a33:9c98","HTTP","324","GET /d/msdownload/update/others/2024/11/42238135_f3aeecedce34a7d3eeb24ad2272aa3a5f2c7b6a4.cab HTTP/1.1 "
"190553","2608.167482","2406:7400:48:4::6a33:9c98","2406:7400:ff03:205c:d7a:2da7:512d:259b","HTTP","508","HTTP/1.1 200 OK  (application/vnd.ms-cab-compressed)"
"190557","2608.176852","2406:7400:ff03:205c:d7a:2da7:512d:259b","2406:7400:48:4::6a33:9c98","HTTP","324","GET /d/msdownload/update/others/2024/11/42238134_1fe5df76e8928d803a49c4d6c204b2ee0687ed33.cab HTTP/1.1 "
"190563","2608.187207","2406:7400:48:4::6a33:9c98","2406:7400:ff03:205c:d7a:2da7:512d:259b","HTTP","504","HTTP/1.1 200 OK  (application/vnd.ms-cab-compressed)"
"190567","2608.196396","2406:7400:ff03:205c:d7a:2da7:512d:259b","2406:7400:48:4::6a33:9c98","HTTP","324","GET /d/msdownload/update/others/2024/11/42238133_6fde133a0a666a1606f10a8a37ea30b0a1e92200.cab HTTP/1.1 "
"190573","2608.202572","2406:7400:48:4::6a33:9c98","2406:7400:ff03:205c:d7a:2da7:512d:259b","HTTP","500","HTTP/1.1 200 OK  (application/vnd.ms-cab-compressed)"
"190577","2608.208615","2406:7400:ff03:205c:d7a:2da7:512d:259b","2406:7400:48:4::6a33:9c98","HTTP","324","GET /d/msdownload/update/others/2024/11/42238132_38b533a8750264ab294a3b32f2ff12a42f097825.cab HTTP/1.1 "
"190583","2608.218764","2406:7400:48:4::6a33:9c98","2406:7400:ff03:205c:d7a:2da7:512d:259b","HTTP","502","HTTP/1.1 200 OK  (application/vnd.ms-cab-compressed)"
"190587","2608.224373","2406:7400:ff03:205c:d7a:2da7:512d:259b","2406:7400:48:4::6a33:9c98","HTTP","324","GET /d/msdownload/update/others/2024/11/42238131_43254b489d1a7926caa49e96887819b16b1495f8.cab HTTP/1.1 "
"190593","2608.228694","2406:7400:48:4::6a33:9c98","2406:7400:ff03:205c:d7a:2da7:512d:259b","HTTP","508","HTTP/1.1 200 OK  (application/vnd.ms-cab-compressed)"
"190597","2608.236086","2406:7400:ff03:205c:d7a:2da7:512d:259b","2406:7400:48:4::6a33:9c98","HTTP","324","GET /d/msdownload/update/others/2024/11/42238130_af86aab50d1c775a830d310abe7f01aa49e12c8d.cab HTTP/1.1 "
"190603","2608.246442","2406:7400:48:4::6a33:9c98","2406:7400:ff03:205c:d7a:2da7:512d:259b","HTTP","508","HTTP/1.1 200 OK  (application/vnd.ms-cab-compressed)"
"190607","2608.254101","2406:7400:ff03:205c:d7a:2da7:512d:259b","2406:7400:48:4::6a33:9c98","HTTP","324","GET /d/msdownload/update/others/2024/11/42238129_30d1dc32983507a8bcd414498d187edbb42ac364.cab HTTP/1.1 "
"190613","2608.261270","2406:7400:48:4::6a33:9c98","2406:7400:ff03:205c:d7a:2da7:512d:259b","HTTP","502","HTTP/1.1 200 OK  (application/vnd.ms-cab-compressed)"
"190617","2608.266164","2406:7400:ff03:205c:d7a:2da7:512d:259b","2406:7400:48:4::6a33:9c98","HTTP","324","GET /d/msdownload/update/others/2024/11/42238128_9ca501ece489874b468f69c40b8ef75feff9ec10.cab HTTP/1.1 "
"190629","2608.272829","2406:7400:48:4::6a33:9c98","2406:7400:ff03:205c:d7a:2da7:512d:259b","HTTP","504","HTTP/1.1 200 OK  (application/vnd.ms-cab-compressed)"
"190634","2608.279274","2406:7400:ff03:205c:d7a:2da7:512d:259b","2406:7400:48:4::6a33:9c98","HTTP","324","GET /d/msdownload/update/others/2024/11/42238127_f383e447fe9cb0d9cdb507a5a5d7d34546dcfb5d.cab HTTP/1.1 "
"190646","2608.290118","2406:7400:48:4::6a33:9c98","2406:7400:ff03:205c:d7a:2da7:512d:259b","HTTP","510","HTTP/1.1 200 OK  (application/vnd.ms-cab-compressed)"
"190650","2608.297010","2406:7400:ff03:205c:d7a:2da7:512d:259b","2406:7400:48:4::6a33:9c98","HTTP","324","GET /d/msdownload/update/others/2024/11/42238126_7aaf84be1f10b9495475d72ebe3b399f1531fc28.cab HTTP/1.1 "
"190656","2608.306255","2406:7400:48:4::6a33:9c98","2406:7400:ff03:205c:d7a:2da7:512d:259b","HTTP","504","HTTP/1.1 200 OK  (application/vnd.ms-cab-compressed)"
"190660","2608.310965","2406:7400:ff03:205c:d7a:2da7:512d:259b","2406:7400:48:4::6a33:9c98","HTTP","324","GET /d/msdownload/update/others/2024/11/42238125_36d26670a90d245aac85aa5fd3e56165ac3816d6.cab HTTP/1.1 "
"190666","2608.318225","2406:7400:48:4::6a33:9c98","2406:7400:ff03:205c:d7a:2da7:512d:259b","HTTP","512","HTTP/1.1 200 OK  (application/vnd.ms-cab-compressed)"
"190670","2608.323021","2406:7400:ff03:205c:d7a:2da7:512d:259b","2406:7400:48:4::6a33:9c98","HTTP","324","GET /d/msdownload/update/others/2024/11/42238124_24f81ae48424b386d516a933617d85644cbba55d.cab HTTP/1.1 "
"190676","2608.327012","2406:7400:48:4::6a33:9c98","2406:7400:ff03:205c:d7a:2da7:512d:259b","HTTP","502","HTTP/1.1 200 OK  (application/vnd.ms-cab-compressed)"
"190680","2608.332848","2406:7400:ff03:205c:d7a:2da7:512d:259b","2406:7400:48:4::6a33:9c98","HTTP","324","GET /d/msdownload/update/others/2024/11/42238123_749eb8fa928bb6f97bf0cffa64cea1e7153245b2.cab HTTP/1.1 "
"190686","2608.339316","2406:7400:48:4::6a33:9c98","2406:7400:ff03:205c:d7a:2da7:512d:259b","HTTP","500","HTTP/1.1 200 OK  (application/vnd.ms-cab-compressed)"
"190690","2608.346086","2406:7400:ff03:205c:d7a:2da7:512d:259b","2406:7400:48:4::6a33:9c98","HTTP","324","GET /d/msdownload/update/others/2024/11/42238122_d91d8c459d7c8e0cb60bb2919d79e72356ca845c.cab HTTP/1.1 "
"190696","2608.351091","2406:7400:48:4::6a33:9c98","2406:7400:ff03:205c:d7a:2da7:512d:259b","HTTP","506","HTTP/1.1 200 OK  (application/vnd.ms-cab-compressed)"
"190700","2608.356068","2406:7400:ff03:205c:d7a:2da7:512d:259b","2406:7400:48:4::6a33:9c98","HTTP","324","GET /d/msdownload/update/others/2024/11/42238121_072fe1f8788e8f66e7fefecd552a015c8dcefb71.cab HTTP/1.1 "
"190706","2608.362357","2406:7400:48:4::6a33:9c98","2406:7400:ff03:205c:d7a:2da7:512d:259b","HTTP","504","HTTP/1.1 200 OK  (application/vnd.ms-cab-compressed)"
"190710","2608.369404","2406:7400:ff03:205c:d7a:2da7:512d:259b","2406:7400:48:4::6a33:9c98","HTTP","324","GET /d/msdownload/update/others/2024/11/42238120_5eb759f4f579c030fb733a3fd515cf34927937d8.cab HTTP/1.1 "
"190716","2608.377884","2406:7400:48:4::6a33:9c98","2406:7400:ff03:205c:d7a:2da7:512d:259b","HTTP","502","HTTP/1.1 200 OK  (application/vnd.ms-cab-compressed)"
"190720","2608.382262","2406:7400:ff03:205c:d7a:2da7:512d:259b","2406:7400:48:4::6a33:9c98","HTTP","324","GET /d/msdownload/update/others/2024/11/42238119_7c3d6e8f640d87c66974b61b8a3713827ea6d278.cab HTTP/1.1 "
"190726","2608.394090","2406:7400:48:4::6a33:9c98","2406:7400:ff03:205c:d7a:2da7:512d:259b","HTTP","508","HTTP/1.1 200 OK  (application/vnd.ms-cab-compressed)"
"190730","2608.399688","2406:7400:ff03:205c:d7a:2da7:512d:259b","2406:7400:48:4::6a33:9c98","HTTP","324","GET /d/msdownload/update/others/2024/11/42238118_955bf3f4c968e9a057e2d5d6b76514d3da373161.cab HTTP/1.1 "
"190736","2608.402991","2406:7400:48:4::6a33:9c98","2406:7400:ff03:205c:d7a:2da7:512d:259b","HTTP","504","HTTP/1.1 200 OK  (application/vnd.ms-cab-compressed)"
"190740","2608.409701","2406:7400:ff03:205c:d7a:2da7:512d:259b","2406:7400:48:4::6a33:9c98","HTTP","324","GET /d/msdownload/update/others/2024/11/42238083_75d02acf11085d6345553a2eacc30a5c0a74fdbb.cab HTTP/1.1 "
"190746","2608.419431","2406:7400:48:4::6a33:9c98","2406:7400:ff03:205c:d7a:2da7:512d:259b","HTTP","674","HTTP/1.1 200 OK  (application/vnd.ms-cab-compressed)"
"190750","2608.427687","2406:7400:ff03:205c:d7a:2da7:512d:259b","2406:7400:48:4::6a33:9c98","HTTP","324","GET /d/msdownload/update/others/2024/11/42238082_821b50faf40faa58637a15f669226984314e1abf.cab HTTP/1.1 "
"190756","2608.434181","2406:7400:48:4::6a33:9c98","2406:7400:ff03:205c:d7a:2da7:512d:259b","HTTP","673","HTTP/1.1 200 OK  (application/vnd.ms-cab-compressed)"
"193941","2632.361110","2406:7400:ff03:205c:d7a:2da7:512d:259b","2a04:4e42:9::684","HTTP","428","GET /c/msdownload/update/software/defu/2024/11/am_delta_patch_1.421.156.0_2a51f62c090d7341485297cee0b60b815d6f0cf2.exe HTTP/1.1 "
"194784","2635.502010","2a04:4e42:9::684","2406:7400:ff03:205c:d7a:2da7:512d:259b","HTTP","318","HTTP/1.1 206 Partial Content "
"198763","2674.932464","2406:7400:ff03:205c:d7a:2da7:512d:259b","2606:2800:247:57cb:4371:48bc:8b00:14c3","HTTP","310","GET /MFEwTzBNMEswSTAJBgUrDgMCGgUABBSRXerF0eFeSWRripTgTkcJWMm7iQQUaDfg67Y7%2BF8Rhvv%2BYXsIiGX0TkICEAT8MIKoDLbEQ8IIQs830tw%3D HTTP/1.1 "
"198765","2674.962472","2606:2800:247:57cb:4371:48bc:8b00:14c3","2406:7400:ff03:205c:d7a:2da7:512d:259b","OCSP","1067","Response"
"217368","3019.410835","2406:7400:ff03:205c:d7a:2da7:512d:259b","2406:7400:48:4::6a33:9c8a","HTTP","343","GET /assets/Owner/arm/ProcessMAU.txt HTTP/1.1 "
"217374","3019.549796","2406:7400:48:4::6a33:9c8a","2406:7400:ff03:205c:d7a:2da7:512d:259b","HTTP","413","HTTP/1.1 200 OK  (text/plain)"
"225004","3083.129019","192.168.0.101","106.51.156.144","HTTP","178","GET /ncsi.txt HTTP/1.1 "
"225006","3083.133305","106.51.156.144","192.168.0.101","HTTP","233","HTTP/1.1 200 OK  (text/plain)"
"229207","3110.611220","2406:7400:ff03:205c:d7a:2da7:512d:259b","2406:7400:48:4::6a33:9c89","HTTP","361","GET /assets/CEXTRP_R/0/N/Step1.txt HTTP/1.1 "
"229209","3110.618186","2406:7400:48:4::6a33:9c89","2406:7400:ff03:205c:d7a:2da7:512d:259b","HTTP","413","HTTP/1.1 200 OK  (text/plain)"
"229211","3110.629080","2406:7400:ff03:205c:d7a:2da7:512d:259b","2406:7400:48:4::6a33:9c89","HTTP","361","GET /assets/CEXTRP_R/0/N/Step2.txt HTTP/1.1 "
"229213","3110.632645","2406:7400:48:4::6a33:9c89","2406:7400:ff03:205c:d7a:2da7:512d:259b","HTTP","413","HTTP/1.1 200 OK  (text/plain)"
"229215","3110.660004","2406:7400:ff03:205c:d7a:2da7:512d:259b","2406:7400:48:4::6a33:9c89","HTTP","365","GET /assets/CEXTRP_R/0/N/Step3Exit.txt HTTP/1.1 "
"229219","3110.664787","2406:7400:48:4::6a33:9c89","2406:7400:ff03:205c:d7a:2da7:512d:259b","HTTP","413","HTTP/1.1 200 OK  (text/plain)"
"261566","3683.147520","192.168.0.101","106.51.156.139","HTTP","178","GET /ncsi.txt HTTP/1.1 "
"261569","3683.150609","106.51.156.139","192.168.0.101","HTTP","233","HTTP/1.1 200 OK  (text/plain)"
"275217","3931.940101","2406:7400:ff03:205c:d7a:2da7:512d:259b","2406:7400:48:4::6a33:9c89","HTTP","389","GET /filestreamingservice//files/adbc3978-4cc7-4441-be85-46e130fd6e50/pieceshash HTTP/1.1 "
"275247","3932.005836","2406:7400:48:4::6a33:9c89","2406:7400:ff03:205c:d7a:2da7:512d:259b","HTTP","832","HTTP/1.1 200 OK "
"275286","3932.176645","2406:7400:ff03:205c:d7a:2da7:512d:259b","2406:7400:48:4::6a33:9c89","HTTP","390","GET /filestreamingservice//files/a111fb52-105f-4228-b8ef-ce72b862c324/pieceshash HTTP/1.1 "
"275302","3932.257427","2406:7400:48:4::6a33:9c89","2406:7400:ff03:205c:d7a:2da7:512d:259b","HTTP","1041","HTTP/1.1 200 OK "
"275335","3932.574664","2406:7400:ff03:205c:d7a:2da7:512d:259b","2a04:4e42:9::684","HTTP","527","GET /filestreamingservice/files/a111fb52-105f-4228-b8ef-ce72b862c324?P1=1731044872&P2=404&P3=2&P4=jL6NY1p2Vcg8TcUgjCN1MsiHb2eUR9KCdRf5L8QL1OCjKlOYajyxtv7b%2fXw%2faBAq684e8B12XsSQfMXC485TKA%3d%3d HTTP/1.1 "
"276351","3936.002948","2a04:4e42:9::684","2406:7400:ff03:205c:d7a:2da7:512d:259b","HTTP","409","HTTP/1.1 206 Partial Content "
"276391","3936.854035","192.168.0.101","151.101.38.172","HTTP","505","GET /filestreamingservice/files/a111fb52-105f-4228-b8ef-ce72b862c324?P1=1731044872&P2=404&P3=2&P4=jL6NY1p2Vcg8TcUgjCN1MsiHb2eUR9KCdRf5L8QL1OCjKlOYajyxtv7b%2fXw%2faBAq684e8B12XsSQfMXC485TKA%3d%3d HTTP/1.1 "
"277588","3938.712183","151.101.38.172","192.168.0.101","HTTP","383","HTTP/1.1 206 Partial Content "
"277611","3939.058925","2406:7400:ff03:205c:d7a:2da7:512d:259b","2a04:4e42:9::684","HTTP","525","GET /filestreamingservice/files/a111fb52-105f-4228-b8ef-ce72b862c324?P1=1731044872&P2=404&P3=2&P4=jL6NY1p2Vcg8TcUgjCN1MsiHb2eUR9KCdRf5L8QL1OCjKlOYajyxtv7b%2fXw%2faBAq684e8B12XsSQfMXC485TKA%3d%3d HTTP/1.1 "
"278771","3940.707692","2a04:4e42:9::684","2406:7400:ff03:205c:d7a:2da7:512d:259b","HTTP","1110","HTTP/1.1 206 Partial Content "
"279063","3947.014286","2406:7400:ff03:205c:d7a:2da7:512d:259b","2a04:4e42:9::684","HTTP","525","GET /filestreamingservice/files/a111fb52-105f-4228-b8ef-ce72b862c324?P1=1731044872&P2=404&P3=2&P4=jL6NY1p2Vcg8TcUgjCN1MsiHb2eUR9KCdRf5L8QL1OCjKlOYajyxtv7b%2fXw%2faBAq684e8B12XsSQfMXC485TKA%3d%3d HTTP/1.1 "
"279064","3947.016297","192.168.0.101","151.101.38.172","HTTP","505","GET /filestreamingservice/files/a111fb52-105f-4228-b8ef-ce72b862c324?P1=1731044872&P2=404&P3=2&P4=jL6NY1p2Vcg8TcUgjCN1MsiHb2eUR9KCdRf5L8QL1OCjKlOYajyxtv7b%2fXw%2faBAq684e8B12XsSQfMXC485TKA%3d%3d HTTP/1.1 "
"280431","3947.677135","151.101.38.172","192.168.0.101","HTTP","826","HTTP/1.1 206 Partial Content "
"280454","3947.680809","192.168.0.101","151.101.38.172","HTTP","505","GET /filestreamingservice/files/a111fb52-105f-4228-b8ef-ce72b862c324?P1=1731044872&P2=404&P3=2&P4=jL6NY1p2Vcg8TcUgjCN1MsiHb2eUR9KCdRf5L8QL1OCjKlOYajyxtv7b%2fXw%2faBAq684e8B12XsSQfMXC485TKA%3d%3d HTTP/1.1 "
"282317","3948.879254","151.101.38.172","192.168.0.101","HTTP","289","HTTP/1.1 206 Partial Content "
"282328","3948.883234","192.168.0.101","151.101.38.172","HTTP","505","GET /filestreamingservice/files/a111fb52-105f-4228-b8ef-ce72b862c324?P1=1731044872&P2=404&P3=2&P4=jL6NY1p2Vcg8TcUgjCN1MsiHb2eUR9KCdRf5L8QL1OCjKlOYajyxtv7b%2fXw%2faBAq684e8B12XsSQfMXC485TKA%3d%3d HTTP/1.1 "
"283572","3949.319263","151.101.38.172","192.168.0.101","HTTP","490","HTTP/1.1 206 Partial Content "
"283604","3949.323853","192.168.0.101","151.101.38.172","HTTP","505","GET /filestreamingservice/files/a111fb52-105f-4228-b8ef-ce72b862c324?P1=1731044872&P2=404&P3=2&P4=jL6NY1p2Vcg8TcUgjCN1MsiHb2eUR9KCdRf5L8QL1OCjKlOYajyxtv7b%2fXw%2faBAq684e8B12XsSQfMXC485TKA%3d%3d HTTP/1.1 "
"285360","3950.006508","192.168.0.101","151.101.38.172","HTTP","505","GET /filestreamingservice/files/a111fb52-105f-4228-b8ef-ce72b862c324?P1=1731044872&P2=404&P3=2&P4=jL6NY1p2Vcg8TcUgjCN1MsiHb2eUR9KCdRf5L8QL1OCjKlOYajyxtv7b%2fXw%2faBAq684e8B12XsSQfMXC485TKA%3d%3d HTTP/1.1 "
"286611","3950.467699","151.101.38.172","192.168.0.101","HTTP","658","HTTP/1.1 206 Partial Content "
"286618","3950.475516","192.168.0.101","151.101.38.172","HTTP","505","GET /filestreamingservice/files/a111fb52-105f-4228-b8ef-ce72b862c324?P1=1731044872&P2=404&P3=2&P4=jL6NY1p2Vcg8TcUgjCN1MsiHb2eUR9KCdRf5L8QL1OCjKlOYajyxtv7b%2fXw%2faBAq684e8B12XsSQfMXC485TKA%3d%3d HTTP/1.1 "
"286632","3950.513911","2a04:4e42:9::684","2406:7400:ff03:205c:d7a:2da7:512d:259b","HTTP","1035","HTTP/1.1 206 Partial Content "
"286634","3950.521689","2406:7400:ff03:205c:d7a:2da7:512d:259b","2a04:4e42:9::684","HTTP","525","GET /filestreamingservice/files/a111fb52-105f-4228-b8ef-ce72b862c324?P1=1731044872&P2=404&P3=2&P4=jL6NY1p2Vcg8TcUgjCN1MsiHb2eUR9KCdRf5L8QL1OCjKlOYajyxtv7b%2fXw%2faBAq684e8B12XsSQfMXC485TKA%3d%3d HTTP/1.1 "
"287810","3950.945099","151.101.38.172","192.168.0.101","HTTP","627","HTTP/1.1 206 Partial Content "
"287824","3950.952704","192.168.0.101","151.101.38.172","HTTP","505","GET /filestreamingservice/files/a111fb52-105f-4228-b8ef-ce72b862c324?P1=1731044872&P2=404&P3=2&P4=jL6NY1p2Vcg8TcUgjCN1MsiHb2eUR9KCdRf5L8QL1OCjKlOYajyxtv7b%2fXw%2faBAq684e8B12XsSQfMXC485TKA%3d%3d HTTP/1.1 "
"289080","3951.424720","151.101.38.172","192.168.0.101","HTTP","1385","HTTP/1.1 206 Partial Content "
"289092","3951.432641","192.168.0.101","151.101.38.172","HTTP","505","GET /filestreamingservice/files/a111fb52-105f-4228-b8ef-ce72b862c324?P1=1731044872&P2=404&P3=2&P4=jL6NY1p2Vcg8TcUgjCN1MsiHb2eUR9KCdRf5L8QL1OCjKlOYajyxtv7b%2fXw%2faBAq684e8B12XsSQfMXC485TKA%3d%3d HTTP/1.1 "
"290345","3951.899307","151.101.38.172","192.168.0.101","HTTP","394","HTTP/1.1 206 Partial Content "
"290362","3951.903026","192.168.0.101","151.101.38.172","HTTP","506","GET /filestreamingservice/files/a111fb52-105f-4228-b8ef-ce72b862c324?P1=1731044872&P2=404&P3=2&P4=jL6NY1p2Vcg8TcUgjCN1MsiHb2eUR9KCdRf5L8QL1OCjKlOYajyxtv7b%2fXw%2faBAq684e8B12XsSQfMXC485TKA%3d%3d HTTP/1.1 "
"291926","3952.565512","151.101.38.172","192.168.0.101","HTTP","843","HTTP/1.1 206 Partial Content "
"291963","3952.572777","192.168.0.101","151.101.38.172","HTTP","506","GET /filestreamingservice/files/a111fb52-105f-4228-b8ef-ce72b862c324?P1=1731044872&P2=404&P3=2&P4=jL6NY1p2Vcg8TcUgjCN1MsiHb2eUR9KCdRf5L8QL1OCjKlOYajyxtv7b%2fXw%2faBAq684e8B12XsSQfMXC485TKA%3d%3d HTTP/1.1 "
"293242","3953.022478","151.101.38.172","192.168.0.101","HTTP","206","HTTP/1.1 206 Partial Content "
"293259","3953.028837","192.168.0.101","151.101.38.172","HTTP","507","GET /filestreamingservice/files/a111fb52-105f-4228-b8ef-ce72b862c324?P1=1731044872&P2=404&P3=2&P4=jL6NY1p2Vcg8TcUgjCN1MsiHb2eUR9KCdRf5L8QL1OCjKlOYajyxtv7b%2fXw%2faBAq684e8B12XsSQfMXC485TKA%3d%3d HTTP/1.1 "
"294761","3953.486648","151.101.38.172","192.168.0.101","HTTP","1494","[TCP Fast Retransmission] HTTP/1.1 206 Partial Content "
"294774","3953.494669","192.168.0.101","151.101.38.172","HTTP","508","GET /filestreamingservice/files/a111fb52-105f-4228-b8ef-ce72b862c324?P1=1731044872&P2=404&P3=2&P4=jL6NY1p2Vcg8TcUgjCN1MsiHb2eUR9KCdRf5L8QL1OCjKlOYajyxtv7b%2fXw%2faBAq684e8B12XsSQfMXC485TKA%3d%3d HTTP/1.1 "
"296050","3953.981358","151.101.38.172","192.168.0.101","HTTP","490","HTTP/1.1 206 Partial Content "
"296068","3953.990181","192.168.0.101","151.101.38.172","HTTP","508","GET /filestreamingservice/files/a111fb52-105f-4228-b8ef-ce72b862c324?P1=1731044872&P2=404&P3=2&P4=jL6NY1p2Vcg8TcUgjCN1MsiHb2eUR9KCdRf5L8QL1OCjKlOYajyxtv7b%2fXw%2faBAq684e8B12XsSQfMXC485TKA%3d%3d HTTP/1.1 "
"296129","3954.089317","2a04:4e42:9::684","2406:7400:ff03:205c:d7a:2da7:512d:259b","HTTP","1110","HTTP/1.1 206 Partial Content "
"296132","3954.094404","2406:7400:ff03:205c:d7a:2da7:512d:259b","2a04:4e42:9::684","HTTP","527","GET /filestreamingservice/files/a111fb52-105f-4228-b8ef-ce72b862c324?P1=1731044872&P2=404&P3=2&P4=jL6NY1p2Vcg8TcUgjCN1MsiHb2eUR9KCdRf5L8QL1OCjKlOYajyxtv7b%2fXw%2faBAq684e8B12XsSQfMXC485TKA%3d%3d HTTP/1.1 "
"297494","3954.640026","192.168.0.101","151.101.38.172","HTTP","508","GET /filestreamingservice/files/a111fb52-105f-4228-b8ef-ce72b862c324?P1=1731044872&P2=404&P3=2&P4=jL6NY1p2Vcg8TcUgjCN1MsiHb2eUR9KCdRf5L8QL1OCjKlOYajyxtv7b%2fXw%2faBAq684e8B12XsSQfMXC485TKA%3d%3d HTTP/1.1 "
"298935","3955.341794","151.101.38.172","192.168.0.101","HTTP","436","HTTP/1.1 206 Partial Content "
"298956","3955.346448","192.168.0.101","151.101.38.172","HTTP","508","GET /filestreamingservice/files/a111fb52-105f-4228-b8ef-ce72b862c324?P1=1731044872&P2=404&P3=2&P4=jL6NY1p2Vcg8TcUgjCN1MsiHb2eUR9KCdRf5L8QL1OCjKlOYajyxtv7b%2fXw%2faBAq684e8B12XsSQfMXC485TKA%3d%3d HTTP/1.1 "
"300574","3956.318664","192.168.0.101","151.101.38.172","HTTP","508","GET /filestreamingservice/files/a111fb52-105f-4228-b8ef-ce72b862c324?P1=1731044872&P2=404&P3=2&P4=jL6NY1p2Vcg8TcUgjCN1MsiHb2eUR9KCdRf5L8QL1OCjKlOYajyxtv7b%2fXw%2faBAq684e8B12XsSQfMXC485TKA%3d%3d HTTP/1.1 "
"301198","3956.763316","2a04:4e42:9::684","2406:7400:ff03:205c:d7a:2da7:512d:259b","HTTP","575","HTTP/1.1 206 Partial Content "
"301215","3956.770705","2406:7400:ff03:205c:d7a:2da7:512d:259b","2a04:4e42:9::684","HTTP","527","GET /filestreamingservice/files/a111fb52-105f-4228-b8ef-ce72b862c324?P1=1731044872&P2=404&P3=2&P4=jL6NY1p2Vcg8TcUgjCN1MsiHb2eUR9KCdRf5L8QL1OCjKlOYajyxtv7b%2fXw%2faBAq684e8B12XsSQfMXC485TKA%3d%3d HTTP/1.1 "
"302256","3957.538758","151.101.38.172","192.168.0.101","HTTP","1096","HTTP/1.1 206 Partial Content "
"302260","3957.543299","192.168.0.101","151.101.38.172","HTTP","508","GET /filestreamingservice/files/a111fb52-105f-4228-b8ef-ce72b862c324?P1=1731044872&P2=404&P3=2&P4=jL6NY1p2Vcg8TcUgjCN1MsiHb2eUR9KCdRf5L8QL1OCjKlOYajyxtv7b%2fXw%2faBAq684e8B12XsSQfMXC485TKA%3d%3d HTTP/1.1 "
"304166","3958.881395","151.101.38.172","192.168.0.101","HTTP","1310","HTTP/1.1 206 Partial Content "
"304172","3958.889798","192.168.0.101","151.101.38.172","HTTP","508","GET /filestreamingservice/files/a111fb52-105f-4228-b8ef-ce72b862c324?P1=1731044872&P2=404&P3=2&P4=jL6NY1p2Vcg8TcUgjCN1MsiHb2eUR9KCdRf5L8QL1OCjKlOYajyxtv7b%2fXw%2faBAq684e8B12XsSQfMXC485TKA%3d%3d HTTP/1.1 "
"304249","3959.038321","2a04:4e42:9::684","2406:7400:ff03:205c:d7a:2da7:512d:259b","HTTP","328","HTTP/1.1 206 Partial Content "
"304254","3959.045112","2406:7400:ff03:205c:d7a:2da7:512d:259b","2a04:4e42:9::684","HTTP","527","GET /filestreamingservice/files/a111fb52-105f-4228-b8ef-ce72b862c324?P1=1731044872&P2=404&P3=2&P4=jL6NY1p2Vcg8TcUgjCN1MsiHb2eUR9KCdRf5L8QL1OCjKlOYajyxtv7b%2fXw%2faBAq684e8B12XsSQfMXC485TKA%3d%3d HTTP/1.1 "
"305970","3960.090663","151.101.38.172","192.168.0.101","HTTP","1440","HTTP/1.1 206 Partial Content "
"305985","3960.096727","192.168.0.101","151.101.38.172","HTTP","508","GET /filestreamingservice/files/a111fb52-105f-4228-b8ef-ce72b862c324?P1=1731044872&P2=404&P3=2&P4=jL6NY1p2Vcg8TcUgjCN1MsiHb2eUR9KCdRf5L8QL1OCjKlOYajyxtv7b%2fXw%2faBAq684e8B12XsSQfMXC485TKA%3d%3d HTTP/1.1 "
"307381","3960.993457","2a04:4e42:9::684","2406:7400:ff03:205c:d7a:2da7:512d:259b","HTTP","772","HTTP/1.1 206 Partial Content "
"307384","3960.999721","2406:7400:ff03:205c:d7a:2da7:512d:259b","2a04:4e42:9::684","HTTP","527","GET /filestreamingservice/files/a111fb52-105f-4228-b8ef-ce72b862c324?P1=1731044872&P2=404&P3=2&P4=jL6NY1p2Vcg8TcUgjCN1MsiHb2eUR9KCdRf5L8QL1OCjKlOYajyxtv7b%2fXw%2faBAq684e8B12XsSQfMXC485TKA%3d%3d HTTP/1.1 "
"307808","3961.259529","151.101.38.172","192.168.0.101","HTTP","490","HTTP/1.1 206 Partial Content "
"307833","3961.265965","192.168.0.101","151.101.38.172","HTTP","508","GET /filestreamingservice/files/a111fb52-105f-4228-b8ef-ce72b862c324?P1=1731044872&P2=404&P3=2&P4=jL6NY1p2Vcg8TcUgjCN1MsiHb2eUR9KCdRf5L8QL1OCjKlOYajyxtv7b%2fXw%2faBAq684e8B12XsSQfMXC485TKA%3d%3d HTTP/1.1 "
"309720","3962.444069","151.101.38.172","192.168.0.101","HTTP","866","HTTP/1.1 206 Partial Content "
"309732","3962.449915","192.168.0.101","151.101.38.172","HTTP","508","GET /filestreamingservice/files/a111fb52-105f-4228-b8ef-ce72b862c324?P1=1731044872&P2=404&P3=2&P4=jL6NY1p2Vcg8TcUgjCN1MsiHb2eUR9KCdRf5L8QL1OCjKlOYajyxtv7b%2fXw%2faBAq684e8B12XsSQfMXC485TKA%3d%3d HTTP/1.1 "
"310265","3962.839129","2a04:4e42:9::684","2406:7400:ff03:205c:d7a:2da7:512d:259b","HTTP","1110","HTTP/1.1 206 Partial Content "
"310296","3962.847333","2406:7400:ff03:205c:d7a:2da7:512d:259b","2a04:4e42:9::684","HTTP","527","GET /filestreamingservice/files/a111fb52-105f-4228-b8ef-ce72b862c324?P1=1731044872&P2=404&P3=2&P4=jL6NY1p2Vcg8TcUgjCN1MsiHb2eUR9KCdRf5L8QL1OCjKlOYajyxtv7b%2fXw%2faBAq684e8B12XsSQfMXC485TKA%3d%3d HTTP/1.1 "
"311581","3963.591598","151.101.38.172","192.168.0.101","HTTP","1452","HTTP/1.1 206 Partial Content "
"311585","3963.598050","192.168.0.101","151.101.38.172","HTTP","508","GET /filestreamingservice/files/a111fb52-105f-4228-b8ef-ce72b862c324?P1=1731044872&P2=404&P3=2&P4=jL6NY1p2Vcg8TcUgjCN1MsiHb2eUR9KCdRf5L8QL1OCjKlOYajyxtv7b%2fXw%2faBAq684e8B12XsSQfMXC485TKA%3d%3d HTTP/1.1 "
"313211","3964.508806","2a04:4e42:9::684","2406:7400:ff03:205c:d7a:2da7:512d:259b","HTTP","668","HTTP/1.1 206 Partial Content "
"313216","3964.513512","2406:7400:ff03:205c:d7a:2da7:512d:259b","2a04:4e42:9::684","HTTP","528","GET /filestreamingservice/files/a111fb52-105f-4228-b8ef-ce72b862c324?P1=1731044872&P2=404&P3=2&P4=jL6NY1p2Vcg8TcUgjCN1MsiHb2eUR9KCdRf5L8QL1OCjKlOYajyxtv7b%2fXw%2faBAq684e8B12XsSQfMXC485TKA%3d%3d HTTP/1.1 "
"313429","3964.628961","151.101.38.172","192.168.0.101","HTTP","490","HTTP/1.1 206 Partial Content "
"313432","3964.637907","192.168.0.101","151.101.38.172","HTTP","508","GET /filestreamingservice/files/a111fb52-105f-4228-b8ef-ce72b862c324?P1=1731044872&P2=404&P3=2&P4=jL6NY1p2Vcg8TcUgjCN1MsiHb2eUR9KCdRf5L8QL1OCjKlOYajyxtv7b%2fXw%2faBAq684e8B12XsSQfMXC485TKA%3d%3d HTTP/1.1 "
"315541","3965.819461","192.168.0.101","151.101.38.172","HTTP","508","GET /filestreamingservice/files/a111fb52-105f-4228-b8ef-ce72b862c324?P1=1731044872&P2=404&P3=2&P4=jL6NY1p2Vcg8TcUgjCN1MsiHb2eUR9KCdRf5L8QL1OCjKlOYajyxtv7b%2fXw%2faBAq684e8B12XsSQfMXC485TKA%3d%3d HTTP/1.1 "
"315782","3966.026530","2a04:4e42:9::684","2406:7400:ff03:205c:d7a:2da7:512d:259b","HTTP","1110","HTTP/1.1 206 Partial Content "
"315823","3966.034021","2406:7400:ff03:205c:d7a:2da7:512d:259b","2a04:4e42:9::684","HTTP","528","GET /filestreamingservice/files/a111fb52-105f-4228-b8ef-ce72b862c324?P1=1731044872&P2=404&P3=2&P4=jL6NY1p2Vcg8TcUgjCN1MsiHb2eUR9KCdRf5L8QL1OCjKlOYajyxtv7b%2fXw%2faBAq684e8B12XsSQfMXC485TKA%3d%3d HTTP/1.1 "
"317933","3967.439895","151.101.38.172","192.168.0.101","HTTP","893","HTTP/1.1 206 Partial Content "
"317940","3967.452574","192.168.0.101","151.101.38.172","HTTP","508","GET /filestreamingservice/files/a111fb52-105f-4228-b8ef-ce72b862c324?P1=1731044872&P2=404&P3=2&P4=jL6NY1p2Vcg8TcUgjCN1MsiHb2eUR9KCdRf5L8QL1OCjKlOYajyxtv7b%2fXw%2faBAq684e8B12XsSQfMXC485TKA%3d%3d HTTP/1.1 "
"318017","3967.509664","2a04:4e42:9::684","2406:7400:ff03:205c:d7a:2da7:512d:259b","HTTP","1112","HTTP/1.1 206 Partial Content "
"318022","3967.521312","2406:7400:ff03:205c:d7a:2da7:512d:259b","2a04:4e42:9::684","HTTP","528","GET /filestreamingservice/files/a111fb52-105f-4228-b8ef-ce72b862c324?P1=1731044872&P2=404&P3=2&P4=jL6NY1p2Vcg8TcUgjCN1MsiHb2eUR9KCdRf5L8QL1OCjKlOYajyxtv7b%2fXw%2faBAq684e8B12XsSQfMXC485TKA%3d%3d HTTP/1.1 "
"320189","3968.939905","2a04:4e42:9::684","2406:7400:ff03:205c:d7a:2da7:512d:259b","HTTP","1381","HTTP/1.1 206 Partial Content "
"320192","3968.944933","2406:7400:ff03:205c:d7a:2da7:512d:259b","2a04:4e42:9::684","HTTP","528","GET /filestreamingservice/files/a111fb52-105f-4228-b8ef-ce72b862c324?P1=1731044872&P2=404&P3=2&P4=jL6NY1p2Vcg8TcUgjCN1MsiHb2eUR9KCdRf5L8QL1OCjKlOYajyxtv7b%2fXw%2faBAq684e8B12XsSQfMXC485TKA%3d%3d HTTP/1.1 "
"320377","3969.153687","151.101.38.172","192.168.0.101","HTTP","921","HTTP/1.1 206 Partial Content "
"320395","3969.160720","192.168.0.101","151.101.38.172","HTTP","508","GET /filestreamingservice/files/a111fb52-105f-4228-b8ef-ce72b862c324?P1=1731044872&P2=404&P3=2&P4=jL6NY1p2Vcg8TcUgjCN1MsiHb2eUR9KCdRf5L8QL1OCjKlOYajyxtv7b%2fXw%2faBAq684e8B12XsSQfMXC485TKA%3d%3d HTTP/1.1 "
"322251","3970.261829","2a04:4e42:9::684","2406:7400:ff03:205c:d7a:2da7:512d:259b","HTTP","835","HTTP/1.1 206 Partial Content "
"322252","3970.274712","2406:7400:ff03:205c:d7a:2da7:512d:259b","2a04:4e42:9::684","HTTP","528","GET /filestreamingservice/files/a111fb52-105f-4228-b8ef-ce72b862c324?P1=1731044872&P2=404&P3=2&P4=jL6NY1p2Vcg8TcUgjCN1MsiHb2eUR9KCdRf5L8QL1OCjKlOYajyxtv7b%2fXw%2faBAq684e8B12XsSQfMXC485TKA%3d%3d HTTP/1.1 "
"322894","3970.709068","151.101.38.172","192.168.0.101","HTTP","545","HTTP/1.1 206 Partial Content "
"322912","3970.715642","192.168.0.101","151.101.38.172","HTTP","508","GET /filestreamingservice/files/a111fb52-105f-4228-b8ef-ce72b862c324?P1=1731044872&P2=404&P3=2&P4=jL6NY1p2Vcg8TcUgjCN1MsiHb2eUR9KCdRf5L8QL1OCjKlOYajyxtv7b%2fXw%2faBAq684e8B12XsSQfMXC485TKA%3d%3d HTTP/1.1 "
"324418","3971.546540","2a04:4e42:9::684","2406:7400:ff03:205c:d7a:2da7:512d:259b","HTTP","1110","HTTP/1.1 206 Partial Content "
"324424","3971.553953","2406:7400:ff03:205c:d7a:2da7:512d:259b","2a04:4e42:9::684","HTTP","528","GET /filestreamingservice/files/a111fb52-105f-4228-b8ef-ce72b862c324?P1=1731044872&P2=404&P3=2&P4=jL6NY1p2Vcg8TcUgjCN1MsiHb2eUR9KCdRf5L8QL1OCjKlOYajyxtv7b%2fXw%2faBAq684e8B12XsSQfMXC485TKA%3d%3d HTTP/1.1 "
"325324","3972.091760","151.101.38.172","192.168.0.101","HTTP","1267","HTTP/1.1 206 Partial Content "
"325333","3972.098294","192.168.0.101","151.101.38.172","HTTP","508","GET /filestreamingservice/files/a111fb52-105f-4228-b8ef-ce72b862c324?P1=1731044872&P2=404&P3=2&P4=jL6NY1p2Vcg8TcUgjCN1MsiHb2eUR9KCdRf5L8QL1OCjKlOYajyxtv7b%2fXw%2faBAq684e8B12XsSQfMXC485TKA%3d%3d HTTP/1.1 "
"326582","3972.811998","2a04:4e42:9::684","2406:7400:ff03:205c:d7a:2da7:512d:259b","HTTP","919","HTTP/1.1 206 Partial Content "
"327205","3973.444472","151.101.38.172","192.168.0.101","HTTP","490","HTTP/1.1 206 Partial Content "
"330991","4077.269362","192.168.0.101","106.51.156.139","HTTP","165","GET /connecttest.txt HTTP/1.1 "
"330993","4077.276038","106.51.156.139","192.168.0.101","HTTP","241","HTTP/1.1 200 OK  (text/plain)"
"331012","4077.337201","2406:7400:ff03:205c:d7a:2da7:512d:259b","2406:7400:48:4::6a33:9c90","HTTP","186","GET /connecttest.txt HTTP/1.1 "
"331014","4077.341013","2406:7400:48:4::6a33:9c90","2406:7400:ff03:205c:d7a:2da7:512d:259b","HTTP","261","HTTP/1.1 200 OK  (text/plain)"
"343354","4283.130382","192.168.0.101","106.51.156.139","HTTP","178","GET /ncsi.txt HTTP/1.1 "
"343356","4283.134912","106.51.156.139","192.168.0.101","HTTP","233","HTTP/1.1 200 OK  (text/plain)"
"355955","4596.074421","2406:7400:ff03:205c:d7a:2da7:512d:259b","2406:7400:48:4::6a33:9c90","HTTP","229","GET /connecttest.txt HTTP/1.1 "
"355960","4596.078070","2406:7400:48:4::6a33:9c90","2406:7400:ff03:205c:d7a:2da7:512d:259b","HTTP","261","HTTP/1.1 200 OK  (text/plain)"
"355967","4596.082932","192.168.0.101","106.51.156.139","HTTP","208","GET /connecttest.txt HTTP/1.1 "
"355969","4596.087225","106.51.156.139","192.168.0.101","HTTP","241","HTTP/1.1 200 OK  (text/plain)"
"356201","4597.173611","2406:7400:ff03:205c:d7a:2da7:512d:259b","2406:7400:48:4::6a33:9c98","HTTP","186","GET /connecttest.txt HTTP/1.1 "
"356217","4597.178241","2406:7400:48:4::6a33:9c98","2406:7400:ff03:205c:d7a:2da7:512d:259b","HTTP","261","HTTP/1.1 200 OK  (text/plain)"
"356222","4597.196346","192.168.0.101","106.51.156.144","HTTP","165","GET /connecttest.txt HTTP/1.1 "
"356231","4597.200519","106.51.156.144","192.168.0.101","HTTP","241","HTTP/1.1 200 OK  (text/plain)"
"379775","4885.997537","192.168.0.101","106.51.156.139","HTTP","178","GET /ncsi.txt HTTP/1.1 "
"379779","4886.000273","106.51.156.139","192.168.0.101","HTTP","233","HTTP/1.1 200 OK  (text/plain)"
"380110","4886.823707","106.51.156.139","192.168.0.101","HTTP","233","[TCP Fast Retransmission] HTTP/1.1 200 OK  (text/plain)"
"397021","5267.982560","2406:7400:ff03:205c:d7a:2da7:512d:259b","2406:7400:48:4::6a33:9c98","HTTP","360","GET /msdownload/update/v3/static/trustedr/en/disallowedcertstl.cab?a4c9a3499e6c3006 HTTP/1.1 "
"397023","5267.986516","2406:7400:48:4::6a33:9c98","2406:7400:ff03:205c:d7a:2da7:512d:259b","HTTP","340","HTTP/1.1 304 Not Modified "
"397028","5270.078589","2406:7400:ff03:205c:d7a:2da7:512d:259b","2406:7400:48:4::6a33:9c98","HTTP","360","GET /msdownload/update/v3/static/trustedr/en/disallowedcertstl.cab?50923933205058ee HTTP/1.1 "
"397030","5270.084951","2406:7400:48:4::6a33:9c98","2406:7400:ff03:205c:d7a:2da7:512d:259b","HTTP","340","HTTP/1.1 304 Not Modified "
"397040","5274.140620","2406:7400:ff03:205c:d7a:2da7:512d:259b","2406:7400:48:4::6a33:9c98","HTTP","360","GET /msdownload/update/v3/static/trustedr/en/disallowedcertstl.cab?5f887aac52862ae7 HTTP/1.1 "
"397042","5274.155795","2406:7400:48:4::6a33:9c98","2406:7400:ff03:205c:d7a:2da7:512d:259b","HTTP","340","HTTP/1.1 304 Not Modified "
"397587","5483.153758","192.168.0.101","106.51.156.139","HTTP","178","GET /ncsi.txt HTTP/1.1 "
"397591","5483.157952","106.51.156.139","192.168.0.101","HTTP","233","HTTP/1.1 200 OK  (text/plain)"
"398024","5687.926179","2406:7400:ff03:205c:d7a:2da7:512d:259b","2606:2800:247:57cb:4371:48bc:8b00:14c3","HTTP","327","GET /sha2-assured-cs-g1.crl HTTP/1.1 "
"398026","5687.950846","2606:2800:247:57cb:4371:48bc:8b00:14c3","2406:7400:ff03:205c:d7a:2da7:512d:259b","HTTP","359","HTTP/1.1 304 Not Modified "
"398027","5687.975939","2406:7400:ff03:205c:d7a:2da7:512d:259b","2606:2800:247:57cb:4371:48bc:8b00:14c3","HTTP","358","GET /DigiCertTrustedG4CodeSigningRSA4096SHA3842021CA1.crl HTTP/1.1 "
"398028","5687.997501","2606:2800:247:57cb:4371:48bc:8b00:14c3","2406:7400:ff03:205c:d7a:2da7:512d:259b","HTTP","360","HTTP/1.1 304 Not Modified "
"401102","5756.223348","2406:7400:ff03:205c:d7a:2da7:512d:259b","2406:7400:48:4::6a33:9c8b","HTTP","431","HEAD /filestreamingservice/files/0c269ced-c74b-4e70-9b58-6e7999b292c0?P1=1731647415&P2=404&P3=2&P4=Qy%2bjQHQSGO%2b1YUMgTZ18gO0JAYpIHUFj4kUHzCCFonOlAs4wGaVDSmIpgTd%2fEbhR%2fqRDG22PMS2s6zXaTKGxwA%3d%3d HTTP/1.1 "
"401104","5756.228446","2406:7400:48:4::6a33:9c8b","2406:7400:ff03:205c:d7a:2da7:512d:259b","HTTP","678","HTTP/1.1 200 OK "
"401328","5761.090041","2406:7400:ff03:205c:d7a:2da7:512d:259b","2406:7400:48:4::6a33:9c8b","HTTP","503","GET /filestreamingservice/files/0c269ced-c74b-4e70-9b58-6e7999b292c0?P1=1731647415&P2=404&P3=2&P4=Qy%2bjQHQSGO%2b1YUMgTZ18gO0JAYpIHUFj4kUHzCCFonOlAs4wGaVDSmIpgTd%2fEbhR%2fqRDG22PMS2s6zXaTKGxwA%3d%3d HTTP/1.1 "
"401333","5761.313513","2406:7400:48:4::6a33:9c8b","2406:7400:ff03:205c:d7a:2da7:512d:259b","HTTP","425","HTTP/1.1 206 Partial Content  (application/x-chrome-extension)"
"401343","5767.368785","2406:7400:ff03:205c:d7a:2da7:512d:259b","2406:7400:48:4::6a33:9c8b","HTTP","506","GET /filestreamingservice/files/0c269ced-c74b-4e70-9b58-6e7999b292c0?P1=1731647415&P2=404&P3=2&P4=Qy%2bjQHQSGO%2b1YUMgTZ18gO0JAYpIHUFj4kUHzCCFonOlAs4wGaVDSmIpgTd%2fEbhR%2fqRDG22PMS2s6zXaTKGxwA%3d%3d HTTP/1.1 "
"401345","5767.374352","2406:7400:48:4::6a33:9c8b","2406:7400:ff03:205c:d7a:2da7:512d:259b","HTTP","742","HTTP/1.1 206 Partial Content  (application/x-chrome-extension)"
"401357","5772.990307","2406:7400:ff03:205c:d7a:2da7:512d:259b","2406:7400:48:4::6a33:9c8b","HTTP","506","GET /filestreamingservice/files/0c269ced-c74b-4e70-9b58-6e7999b292c0?P1=1731647415&P2=404&P3=2&P4=Qy%2bjQHQSGO%2b1YUMgTZ18gO0JAYpIHUFj4kUHzCCFonOlAs4wGaVDSmIpgTd%2fEbhR%2fqRDG22PMS2s6zXaTKGxwA%3d%3d HTTP/1.1 "
"401359","5772.999849","2406:7400:48:4::6a33:9c8b","2406:7400:ff03:205c:d7a:2da7:512d:259b","HTTP","1246","HTTP/1.1 206 Partial Content  (application/x-chrome-extension)"
"401368","5776.120136","2406:7400:ff03:205c:d7a:2da7:512d:259b","2406:7400:48:4::6a33:9c8b","HTTP","506","GET /filestreamingservice/files/0c269ced-c74b-4e70-9b58-6e7999b292c0?P1=1731647415&P2=404&P3=2&P4=Qy%2bjQHQSGO%2b1YUMgTZ18gO0JAYpIHUFj4kUHzCCFonOlAs4wGaVDSmIpgTd%2fEbhR%2fqRDG22PMS2s6zXaTKGxwA%3d%3d HTTP/1.1 "
"401370","5776.125636","2406:7400:48:4::6a33:9c8b","2406:7400:ff03:205c:d7a:2da7:512d:259b","HTTP","925","HTTP/1.1 206 Partial Content  (application/x-chrome-extension)"
"401377","5778.156366","2406:7400:ff03:205c:d7a:2da7:512d:259b","2406:7400:48:4::6a33:9c8b","HTTP","506","GET /filestreamingservice/files/0c269ced-c74b-4e70-9b58-6e7999b292c0?P1=1731647415&P2=404&P3=2&P4=Qy%2bjQHQSGO%2b1YUMgTZ18gO0JAYpIHUFj4kUHzCCFonOlAs4wGaVDSmIpgTd%2fEbhR%2fqRDG22PMS2s6zXaTKGxwA%3d%3d HTTP/1.1 "
"401379","5778.161751","2406:7400:48:4::6a33:9c8b","2406:7400:ff03:205c:d7a:2da7:512d:259b","HTTP","1357","HTTP/1.1 206 Partial Content  (application/x-chrome-extension)"
"401393","5780.243451","2406:7400:ff03:205c:d7a:2da7:512d:259b","2406:7400:48:4::6a33:9c8b","HTTP","507","GET /filestreamingservice/files/0c269ced-c74b-4e70-9b58-6e7999b292c0?P1=1731647415&P2=404&P3=2&P4=Qy%2bjQHQSGO%2b1YUMgTZ18gO0JAYpIHUFj4kUHzCCFonOlAs4wGaVDSmIpgTd%2fEbhR%2fqRDG22PMS2s6zXaTKGxwA%3d%3d HTTP/1.1 "
"401405","5780.356089","2406:7400:48:4::6a33:9c8b","2406:7400:ff03:205c:d7a:2da7:512d:259b","HTTP","261","HTTP/1.1 206 Partial Content  (application/x-chrome-extension)"
"401414","5782.325313","2406:7400:ff03:205c:d7a:2da7:512d:259b","2406:7400:48:4::6a33:9c8b","HTTP","508","GET /filestreamingservice/files/0c269ced-c74b-4e70-9b58-6e7999b292c0?P1=1731647415&P2=404&P3=2&P4=Qy%2bjQHQSGO%2b1YUMgTZ18gO0JAYpIHUFj4kUHzCCFonOlAs4wGaVDSmIpgTd%2fEbhR%2fqRDG22PMS2s6zXaTKGxwA%3d%3d HTTP/1.1 "
"401442","5782.338900","2406:7400:48:4::6a33:9c8b","2406:7400:ff03:205c:d7a:2da7:512d:259b","HTTP","1114","HTTP/1.1 206 Partial Content  (application/x-chrome-extension)"
"401458","5783.349041","2406:7400:ff03:205c:d7a:2da7:512d:259b","2406:7400:48:4::6a33:9c8b","HTTP","508","GET /filestreamingservice/files/0c269ced-c74b-4e70-9b58-6e7999b292c0?P1=1731647415&P2=404&P3=2&P4=Qy%2bjQHQSGO%2b1YUMgTZ18gO0JAYpIHUFj4kUHzCCFonOlAs4wGaVDSmIpgTd%2fEbhR%2fqRDG22PMS2s6zXaTKGxwA%3d%3d HTTP/1.1 "
"401470","5783.361060","2406:7400:48:4::6a33:9c8b","2406:7400:ff03:205c:d7a:2da7:512d:259b","HTTP","856","HTTP/1.1 206 Partial Content  (application/x-chrome-extension)"
"401484","5784.379570","2406:7400:ff03:205c:d7a:2da7:512d:259b","2406:7400:48:4::6a33:9c8b","HTTP","509","GET /filestreamingservice/files/0c269ced-c74b-4e70-9b58-6e7999b292c0?P1=1731647415&P2=404&P3=2&P4=Qy%2bjQHQSGO%2b1YUMgTZ18gO0JAYpIHUFj4kUHzCCFonOlAs4wGaVDSmIpgTd%2fEbhR%2fqRDG22PMS2s6zXaTKGxwA%3d%3d HTTP/1.1 "
"401542","5784.414901","2406:7400:48:4::6a33:9c8b","2406:7400:ff03:205c:d7a:2da7:512d:259b","HTTP","1181","HTTP/1.1 206 Partial Content  (application/x-chrome-extension)"
"401545","5785.420572","2406:7400:ff03:205c:d7a:2da7:512d:259b","2406:7400:48:4::6a33:9c8b","HTTP","510","GET /filestreamingservice/files/0c269ced-c74b-4e70-9b58-6e7999b292c0?P1=1731647415&P2=404&P3=2&P4=Qy%2bjQHQSGO%2b1YUMgTZ18gO0JAYpIHUFj4kUHzCCFonOlAs4wGaVDSmIpgTd%2fEbhR%2fqRDG22PMS2s6zXaTKGxwA%3d%3d HTTP/1.1 "
"401746","5785.492113","2406:7400:48:4::6a33:9c8b","2406:7400:ff03:205c:d7a:2da7:512d:259b","HTTP","1257","HTTP/1.1 206 Partial Content  (application/x-chrome-extension)"
"401777","5786.452927","2406:7400:ff03:205c:d7a:2da7:512d:259b","2406:7400:48:4::6a33:9c8b","HTTP","510","GET /filestreamingservice/files/0c269ced-c74b-4e70-9b58-6e7999b292c0?P1=1731647415&P2=404&P3=2&P4=Qy%2bjQHQSGO%2b1YUMgTZ18gO0JAYpIHUFj4kUHzCCFonOlAs4wGaVDSmIpgTd%2fEbhR%2fqRDG22PMS2s6zXaTKGxwA%3d%3d HTTP/1.1 "
"402172","5786.572095","2406:7400:48:4::6a33:9c8b","2406:7400:ff03:205c:d7a:2da7:512d:259b","HTTP","1336","HTTP/1.1 206 Partial Content  (application/x-chrome-extension)"
"402214","5787.495861","2406:7400:ff03:205c:d7a:2da7:512d:259b","2406:7400:48:4::6a33:9c8b","HTTP","511","GET /filestreamingservice/files/0c269ced-c74b-4e70-9b58-6e7999b292c0?P1=1731647415&P2=404&P3=2&P4=Qy%2bjQHQSGO%2b1YUMgTZ18gO0JAYpIHUFj4kUHzCCFonOlAs4wGaVDSmIpgTd%2fEbhR%2fqRDG22PMS2s6zXaTKGxwA%3d%3d HTTP/1.1 "
"402990","5787.955034","2406:7400:48:4::6a33:9c8b","2406:7400:ff03:205c:d7a:2da7:512d:259b","HTTP","1153","HTTP/1.1 206 Partial Content  (application/x-chrome-extension)"
"403046","5788.535529","2406:7400:ff03:205c:d7a:2da7:512d:259b","2406:7400:48:4::6a33:9c8b","HTTP","512","GET /filestreamingservice/files/0c269ced-c74b-4e70-9b58-6e7999b292c0?P1=1731647415&P2=404&P3=2&P4=Qy%2bjQHQSGO%2b1YUMgTZ18gO0JAYpIHUFj4kUHzCCFonOlAs4wGaVDSmIpgTd%2fEbhR%2fqRDG22PMS2s6zXaTKGxwA%3d%3d HTTP/1.1 "
"403221","5788.597565","2406:7400:48:4::6a33:9c8b","2406:7400:ff03:205c:d7a:2da7:512d:259b","HTTP","1201","HTTP/1.1 206 Partial Content  (application/x-chrome-extension)"
"403240","5792.551517","2406:7400:ff03:205c:d7a:2da7:512d:259b","2406:7400:48:4::6a33:9c8b","HTTP","437","HEAD /filestreamingservice/files/a48b14ba-97e9-42d9-8e10-5df8e9fed7f6?P1=1731645449&P2=404&P3=2&P4=Y9DCnjh37%2f4ad8UrlreHS0yK53%2b78szwH%2f8rHQXS5U%2fQ1YFomCT%2bd0yDSmU86aQqNrY1bUCFGT6%2bTA7%2fVCo1jA%3d%3d HTTP/1.1 "
"403242","5792.555440","2406:7400:48:4::6a33:9c8b","2406:7400:ff03:205c:d7a:2da7:512d:259b","HTTP","676","HTTP/1.1 200 OK "
"403249","5792.795854","2406:7400:ff03:205c:d7a:2da7:512d:259b","2406:7400:48:4::6a33:9c8b","HTTP","488","GET /filestreamingservice/files/a48b14ba-97e9-42d9-8e10-5df8e9fed7f6?P1=1731645449&P2=404&P3=2&P4=Y9DCnjh37%2f4ad8UrlreHS0yK53%2b78szwH%2f8rHQXS5U%2fQ1YFomCT%2bd0yDSmU86aQqNrY1bUCFGT6%2bTA7%2fVCo1jA%3d%3d HTTP/1.1 "
"403322","5792.826292","2406:7400:48:4::6a33:9c8b","2406:7400:ff03:205c:d7a:2da7:512d:259b","HTTP","858","HTTP/1.1 200 OK  (application/x-chrome-extension)"
"403344","5796.625578","2406:7400:ff03:205c:d7a:2da7:512d:259b","2406:7400:48:4::6a33:9c8b","HTTP","429","HEAD /filestreamingservice/files/bc35041b-0856-43ed-996f-3734dd62fdc1?P1=1731527769&P2=404&P3=2&P4=G2M%2fhmWGsBZao1Oc3VFtRvxgDV2uipg11Lmq9dnkxy0E7lh4KMZu2v%2bxaYHJZ%2fqUhv7OqTjB0cf6ByymcMQ0qw%3d%3d HTTP/1.1 "
"403345","5796.630071","2406:7400:48:4::6a33:9c8b","2406:7400:ff03:205c:d7a:2da7:512d:259b","HTTP","693","HTTP/1.1 200 OK "
"403353","5796.861924","2406:7400:ff03:205c:d7a:2da7:512d:259b","2406:7400:48:4::6a33:9c8b","HTTP","480","GET /filestreamingservice/files/bc35041b-0856-43ed-996f-3734dd62fdc1?P1=1731527769&P2=404&P3=2&P4=G2M%2fhmWGsBZao1Oc3VFtRvxgDV2uipg11Lmq9dnkxy0E7lh4KMZu2v%2bxaYHJZ%2fqUhv7OqTjB0cf6ByymcMQ0qw%3d%3d HTTP/1.1 "
"403359","5796.871796","2406:7400:48:4::6a33:9c8b","2406:7400:ff03:205c:d7a:2da7:512d:259b","HTTP","1271","HTTP/1.1 200 OK  (application/x-chrome-extension)"
"404630","6041.397455","192.168.0.101","106.51.156.144","HTTP","208","GET /connecttest.txt HTTP/1.1 "
"404632","6041.397481","2406:7400:ff03:205c:d7a:2da7:512d:259b","2406:7400:48:4::6a33:9c90","HTTP","229","GET /connecttest.txt HTTP/1.1 "
"404635","6041.400975","2406:7400:48:4::6a33:9c90","2406:7400:ff03:205c:d7a:2da7:512d:259b","HTTP","261","HTTP/1.1 200 OK  (text/plain)"
"404636","6041.400975","106.51.156.144","192.168.0.101","HTTP","241","HTTP/1.1 200 OK  (text/plain)"
"405331","6042.399603","2406:7400:ff03:205c:d7a:2da7:512d:259b","2406:7400:48:4::6a33:9c90","HTTP","186","GET /connecttest.txt HTTP/1.1 "
"405334","6042.403352","2406:7400:48:4::6a33:9c90","2406:7400:ff03:205c:d7a:2da7:512d:259b","HTTP","261","HTTP/1.1 200 OK  (text/plain)"
"405340","6042.408095","192.168.0.101","106.51.156.144","HTTP","165","GET /connecttest.txt HTTP/1.1 "
"405346","6042.414010","106.51.156.144","192.168.0.101","HTTP","241","HTTP/1.1 200 OK  (text/plain)"
"406676","6083.141732","192.168.0.101","106.51.156.139","HTTP","178","GET /ncsi.txt HTTP/1.1 "
"406678","6083.147561","106.51.156.139","192.168.0.101","HTTP","233","HTTP/1.1 200 OK  (text/plain)"
"406801","6102.119174","2406:7400:ff03:205c:d7a:2da7:512d:259b","2404:6800:4007:817::2003","HTTP","274","GET /r/r1.crl HTTP/1.1 "
"406803","6102.147779","2404:6800:4007:817::2003","2406:7400:ff03:205c:d7a:2da7:512d:259b","HTTP","297","HTTP/1.1 304 Not Modified "
"406811","6102.204835","2406:7400:ff03:205c:d7a:2da7:512d:259b","2600:140f:3:11a9::21cc","HTTP","301","GET / HTTP/1.1 "
"406814","6102.232407","2600:140f:3:11a9::21cc","2406:7400:ff03:205c:d7a:2da7:512d:259b","HTTP","337","HTTP/1.1 304 Not Modified "
"406822","6102.281785","2406:7400:ff03:205c:d7a:2da7:512d:259b","2600:140f:3:1199::21cc","HTTP","301","GET / HTTP/1.1 "
"406825","6102.301651","2600:140f:3:1199::21cc","2406:7400:ff03:205c:d7a:2da7:512d:259b","HTTP","337","HTTP/1.1 304 Not Modified "
"406829","6102.349569","2406:7400:ff03:205c:d7a:2da7:512d:259b","2606:2800:247:57cb:4371:48bc:8b00:14c3","HTTP","328","GET /DigiCertGlobalRootG3.crl HTTP/1.1 "
"406832","6102.370942","2606:2800:247:57cb:4371:48bc:8b00:14c3","2406:7400:ff03:205c:d7a:2da7:512d:259b","HTTP","358","HTTP/1.1 304 Not Modified "
"406833","6102.392315","2406:7400:ff03:205c:d7a:2da7:512d:259b","2404:6800:4007:817::2003","HTTP","276","GET /r/gsr1.crl HTTP/1.1 "
"406834","6102.418642","2404:6800:4007:817::2003","2406:7400:ff03:205c:d7a:2da7:512d:259b","HTTP","296","HTTP/1.1 304 Not Modified "
"406836","6102.433326","2406:7400:ff03:205c:d7a:2da7:512d:259b","2404:6800:4007:817::2003","HTTP","274","GET /r/r4.crl HTTP/1.1 "
"406837","6102.459896","2404:6800:4007:817::2003","2406:7400:ff03:205c:d7a:2da7:512d:259b","HTTP","296","HTTP/1.1 304 Not Modified "
"406846","6103.555886","192.168.0.101","43.175.154.12","HTTP","336","GET /msdownload/update/v3/static/trustedr/en/pinrulesstl.cab?5f97d249da6fc26e HTTP/1.1 "
"406848","6103.600083","43.175.154.12","192.168.0.101","HTTP","388","HTTP/1.1 304 Not Modified "
"411158","6254.929711","2406:7400:ff03:205c:d7a:2da7:512d:259b","2606:2800:247:57cb:4371:48bc:8b00:14c3","HTTP","328","GET /DigiCertGlobalRootG2.crl HTTP/1.1 "
"411160","6254.941861","2606:2800:247:57cb:4371:48bc:8b00:14c3","2406:7400:ff03:205c:d7a:2da7:512d:259b","HTTP","358","HTTP/1.1 304 Not Modified "
"422951","6683.223574","192.168.0.101","106.51.156.139","HTTP","178","GET /ncsi.txt HTTP/1.1 "
"422953","6683.227217","106.51.156.139","192.168.0.101","HTTP","233","HTTP/1.1 200 OK  (text/plain)"
"524644","6850.833781","2406:7400:ff03:205c:d7a:2da7:512d:259b","2606:2800:247:57cb:4371:48bc:8b00:14c3","HTTP","327","GET /sha2-ha-server-g6.crl HTTP/1.1 "
"524646","6850.869789","2606:2800:247:57cb:4371:48bc:8b00:14c3","2406:7400:ff03:205c:d7a:2da7:512d:259b","HTTP","360","HTTP/1.1 304 Not Modified "
"524655","6851.005650","2406:7400:ff03:205c:d7a:2da7:512d:259b","2404:6800:4007:817::2003","HTTP","274","GET /r/r1.crl HTTP/1.1 "
"524657","6851.037264","2404:6800:4007:817::2003","2406:7400:ff03:205c:d7a:2da7:512d:259b","HTTP","297","HTTP/1.1 304 Not Modified "
"524666","6851.114962","2406:7400:ff03:205c:d7a:2da7:512d:259b","2600:140f:3:1199::21cc","HTTP","301","GET / HTTP/1.1 "
"524668","6851.129678","2600:140f:3:1199::21cc","2406:7400:ff03:205c:d7a:2da7:512d:259b","HTTP","337","HTTP/1.1 304 Not Modified "
"524677","6851.241098","2406:7400:ff03:205c:d7a:2da7:512d:259b","2600:140f:3:1199::21cc","HTTP","301","GET / HTTP/1.1 "
"524679","6851.268395","2600:140f:3:1199::21cc","2406:7400:ff03:205c:d7a:2da7:512d:259b","HTTP","337","HTTP/1.1 304 Not Modified "
"524690","6851.589143","2406:7400:ff03:205c:d7a:2da7:512d:259b","2a04:4e42:9::684","HTTP","355","GET /msdownload/update/v3/static/trustedr/en/authrootstl.cab?94b16cccc74c2dd5 HTTP/1.1 "
"524692","6851.789313","2a04:4e42:9::684","2406:7400:ff03:205c:d7a:2da7:512d:259b","HTTP","276","HTTP/1.1 304 Not Modified "
"524693","6851.841989","2406:7400:ff03:205c:d7a:2da7:512d:259b","2404:6800:4007:817::2003","HTTP","274","GET /r/r4.crl HTTP/1.1 "
"524694","6851.864632","2404:6800:4007:817::2003","2406:7400:ff03:205c:d7a:2da7:512d:259b","HTTP","297","HTTP/1.1 304 Not Modified "
"524696","6851.904690","2406:7400:ff03:205c:d7a:2da7:512d:259b","2404:6800:4007:817::2003","HTTP","276","GET /r/gsr4.crl HTTP/1.1 "
"524697","6851.923803","2404:6800:4007:817::2003","2406:7400:ff03:205c:d7a:2da7:512d:259b","HTTP","297","HTTP/1.1 304 Not Modified "
"524703","6852.091070","2406:7400:ff03:205c:d7a:2da7:512d:259b","2404:6800:4007:817::2003","HTTP","276","GET /r/gsr1.crl HTTP/1.1 "
"524705","6852.110568","2404:6800:4007:817::2003","2406:7400:ff03:205c:d7a:2da7:512d:259b","HTTP","297","HTTP/1.1 304 Not Modified "
"524706","6852.184271","2406:7400:ff03:205c:d7a:2da7:512d:259b","2404:6800:4007:817::2003","HTTP","274","GET /r/r4.crl HTTP/1.1 "
"524707","6852.202521","2404:6800:4007:817::2003","2406:7400:ff03:205c:d7a:2da7:512d:259b","HTTP","297","HTTP/1.1 304 Not Modified "
"527548","7283.174176","192.168.0.101","106.51.156.139","HTTP","178","GET /ncsi.txt HTTP/1.1 "
"527550","7283.177374","106.51.156.139","192.168.0.101","HTTP","233","HTTP/1.1 200 OK  (text/plain)"
"540755","7883.206044","192.168.0.101","106.51.156.144","HTTP","178","GET /ncsi.txt HTTP/1.1 "
"540757","7883.210342","106.51.156.144","192.168.0.101","HTTP","233","HTTP/1.1 200 OK  (text/plain)"
"543674","8218.521195","192.168.0.101","106.51.156.144","HTTP","208","GET /connecttest.txt HTTP/1.1 "
"543676","8218.525720","106.51.156.144","192.168.0.101","HTTP","241","HTTP/1.1 200 OK  (text/plain)"
"543680","8218.576966","2406:7400:ff03:205c:d7a:2da7:512d:259b","2406:7400:48:4::6a33:9c98","HTTP","229","GET /connecttest.txt HTTP/1.1 "
"543683","8218.580078","2406:7400:48:4::6a33:9c98","2406:7400:ff03:205c:d7a:2da7:512d:259b","HTTP","261","HTTP/1.1 200 OK  (text/plain)"
"543864","8219.371401","192.168.0.101","106.51.156.139","HTTP","165","GET /connecttest.txt HTTP/1.1 "
"543865","8219.371488","2406:7400:ff03:205c:d7a:2da7:512d:259b","2406:7400:48:4::6a33:9c90","HTTP","186","GET /connecttest.txt HTTP/1.1 "
"543870","8219.376343","106.51.156.139","192.168.0.101","HTTP","241","HTTP/1.1 200 OK  (text/plain)"
"543872","8219.377598","2406:7400:48:4::6a33:9c90","2406:7400:ff03:205c:d7a:2da7:512d:259b","HTTP","261","HTTP/1.1 200 OK  (text/plain)"
"544655","8226.876200","2406:7400:ff03:205c:d7a:2da7:512d:259b","2406:7400:48:4::6a33:9c98","HTTP","186","GET /connecttest.txt HTTP/1.1 "
"544657","8226.890738","2406:7400:48:4::6a33:9c98","2406:7400:ff03:205c:d7a:2da7:512d:259b","HTTP","261","HTTP/1.1 200 OK  (text/plain)"
"545613","8483.223976","192.168.0.101","106.51.156.144","HTTP","178","GET /ncsi.txt HTTP/1.1 "
"545615","8483.228784","106.51.156.144","192.168.0.101","HTTP","233","HTTP/1.1 200 OK  (text/plain)"
"549692","8647.642647","2406:7400:ff03:205c:d7a:2da7:512d:259b","2406:7400:48:4::6a33:9c90","HTTP","229","GET /connecttest.txt HTTP/1.1 "
"549693","8647.642660","192.168.0.101","106.51.156.144","HTTP","208","GET /connecttest.txt HTTP/1.1 "
"549696","8647.647630","2406:7400:48:4::6a33:9c90","2406:7400:ff03:205c:d7a:2da7:512d:259b","HTTP","261","HTTP/1.1 200 OK  (text/plain)"
"549697","8647.647630","106.51.156.144","192.168.0.101","HTTP","241","HTTP/1.1 200 OK  (text/plain)"
"549793","8648.724828","192.168.0.101","106.51.156.144","HTTP","165","GET /connecttest.txt HTTP/1.1 "
"549795","8648.724938","2406:7400:ff03:205c:d7a:2da7:512d:259b","2406:7400:48:4::6a33:9c90","HTTP","186","GET /connecttest.txt HTTP/1.1 "
"549800","8648.738548","106.51.156.144","192.168.0.101","HTTP","241","HTTP/1.1 200 OK  (text/plain)"
"549801","8648.738548","2406:7400:48:4::6a33:9c90","2406:7400:ff03:205c:d7a:2da7:512d:259b","HTTP","261","HTTP/1.1 200 OK  (text/plain)"
"550564","8678.587658","2406:7400:ff03:205c:d7a:2da7:512d:259b","2406:7400:48:4::6a33:9c90","HTTP","186","GET /connecttest.txt HTTP/1.1 "
"550570","8678.596718","2406:7400:48:4::6a33:9c90","2406:7400:ff03:205c:d7a:2da7:512d:259b","HTTP","261","HTTP/1.1 200 OK  (text/plain)"
"551146","8708.554492","2406:7400:ff03:205c:d7a:2da7:512d:259b","2406:7400:48:4::6a33:9c98","HTTP","186","GET /connecttest.txt HTTP/1.1 "
"551148","8708.558451","2406:7400:48:4::6a33:9c98","2406:7400:ff03:205c:d7a:2da7:512d:259b","HTTP","261","HTTP/1.1 200 OK  (text/plain)"
"551843","8756.656715","2406:7400:ff03:205c:d7a:2da7:512d:259b","2406:7400:48:4::6a33:9c98","HTTP","186","GET /connecttest.txt HTTP/1.1 "
"551845","8756.662442","2406:7400:48:4::6a33:9c98","2406:7400:ff03:205c:d7a:2da7:512d:259b","HTTP","261","HTTP/1.1 200 OK  (text/plain)"
"552206","8783.618999","2406:7400:ff03:205c:d7a:2da7:512d:259b","2406:7400:48:4::6a33:9c90","HTTP","186","GET /connecttest.txt HTTP/1.1 "
"552208","8783.626247","2406:7400:48:4::6a33:9c90","2406:7400:ff03:205c:d7a:2da7:512d:259b","HTTP","261","HTTP/1.1 200 OK  (text/plain)"
"552952","8813.532360","2406:7400:ff03:205c:d7a:2da7:512d:259b","2406:7400:48:4::6a33:9c98","HTTP","186","GET /connecttest.txt HTTP/1.1 "
"552954","8813.536609","2406:7400:48:4::6a33:9c98","2406:7400:ff03:205c:d7a:2da7:512d:259b","HTTP","261","HTTP/1.1 200 OK  (text/plain)"
"553599","8843.595682","2406:7400:ff03:205c:d7a:2da7:512d:259b","2406:7400:48:4::6a33:9c98","HTTP","186","GET /connecttest.txt HTTP/1.1 "
"553602","8843.641478","2406:7400:48:4::6a33:9c98","2406:7400:ff03:205c:d7a:2da7:512d:259b","HTTP","261","HTTP/1.1 200 OK  (text/plain)"
"554077","8873.570520","2406:7400:ff03:205c:d7a:2da7:512d:259b","2406:7400:48:4::6a33:9c98","HTTP","186","GET /connecttest.txt HTTP/1.1 "
"554079","8873.574154","2406:7400:48:4::6a33:9c98","2406:7400:ff03:205c:d7a:2da7:512d:259b","HTTP","261","HTTP/1.1 200 OK  (text/plain)"
"554448","8903.547331","2406:7400:ff03:205c:d7a:2da7:512d:259b","2406:7400:48:4::6a33:9c90","HTTP","186","GET /connecttest.txt HTTP/1.1 "
"554450","8903.551427","2406:7400:48:4::6a33:9c90","2406:7400:ff03:205c:d7a:2da7:512d:259b","HTTP","261","HTTP/1.1 200 OK  (text/plain)"
"554716","8918.260350","2406:7400:ff03:205c:d7a:2da7:512d:259b","2406:7400:48:4::6a33:9c92","HTTP","360","GET /msdownload/update/v3/static/trustedr/en/disallowedcertstl.cab?9ddd6abf809c3e63 HTTP/1.1 "
"554718","8918.276096","2406:7400:48:4::6a33:9c92","2406:7400:ff03:205c:d7a:2da7:512d:259b","HTTP","340","HTTP/1.1 304 Not Modified "
"554896","8933.545787","2406:7400:ff03:205c:d7a:2da7:512d:259b","2406:7400:48:4::6a33:9c90","HTTP","186","GET /connecttest.txt HTTP/1.1 "
"554898","8933.549857","2406:7400:48:4::6a33:9c90","2406:7400:ff03:205c:d7a:2da7:512d:259b","HTTP","261","HTTP/1.1 200 OK  (text/plain)"
"555046","8993.507355","2406:7400:ff03:205c:d7a:2da7:512d:259b","2406:7400:48:4::6a33:9c90","HTTP","186","GET /connecttest.txt HTTP/1.1 "
"555048","8993.538230","2406:7400:48:4::6a33:9c90","2406:7400:ff03:205c:d7a:2da7:512d:259b","HTTP","261","HTTP/1.1 200 OK  (text/plain)"
"557082","9083.186721","192.168.0.101","106.51.156.144","HTTP","178","GET /ncsi.txt HTTP/1.1 "
"557084","9083.191022","106.51.156.144","192.168.0.101","HTTP","233","HTTP/1.1 200 OK  (text/plain)"
"557148","9113.543667","2406:7400:ff03:205c:d7a:2da7:512d:259b","2406:7400:48:4::6a33:9c98","HTTP","186","GET /connecttest.txt HTTP/1.1 "
"557150","9113.546964","2406:7400:48:4::6a33:9c98","2406:7400:ff03:205c:d7a:2da7:512d:259b","HTTP","261","HTTP/1.1 200 OK  (text/plain)"
"559399","9353.512337","2406:7400:ff03:205c:d7a:2da7:512d:259b","2406:7400:48:4::6a33:9c90","HTTP","186","GET /connecttest.txt HTTP/1.1 "
"559401","9353.518022","2406:7400:48:4::6a33:9c90","2406:7400:ff03:205c:d7a:2da7:512d:259b","HTTP","261","HTTP/1.1 200 OK  (text/plain)"
"577198","9542.819726","2406:7400:ff03:205c:d7a:2da7:512d:259b","2a04:4e42:9::684","HTTP","431","HEAD /filestreamingservice/files/12e3f55e-43d7-4001-9208-a5d8780d9fd7?P1=1731651317&P2=404&P3=2&P4=PrartJEPok3IPH7%2fkQGb3z%2f98MiwtU8iyzi%2bfxXxOV1CZeiuk48hM3u%2fEJ8tbpz1zxNm2kWx4wEGw0CxwMgy8g%3d%3d HTTP/1.1 "
"577201","9543.017635","2a04:4e42:9::684","2406:7400:ff03:205c:d7a:2da7:512d:259b","HTTP","690","HTTP/1.1 200 OK "
"577211","9547.426914","2406:7400:ff03:205c:d7a:2da7:512d:259b","2a04:4e42:9::684","HTTP","503","GET /filestreamingservice/files/12e3f55e-43d7-4001-9208-a5d8780d9fd7?P1=1731651317&P2=404&P3=2&P4=PrartJEPok3IPH7%2fkQGb3z%2f98MiwtU8iyzi%2bfxXxOV1CZeiuk48hM3u%2fEJ8tbpz1zxNm2kWx4wEGw0CxwMgy8g%3d%3d HTTP/1.1 "
"577217","9547.625116","2a04:4e42:9::684","2406:7400:ff03:205c:d7a:2da7:512d:259b","HTTP","437","HTTP/1.1 206 Partial Content  (application/x-chrome-extension)"
"577223","9552.751481","2406:7400:ff03:205c:d7a:2da7:512d:259b","2a04:4e42:9::684","HTTP","506","GET /filestreamingservice/files/12e3f55e-43d7-4001-9208-a5d8780d9fd7?P1=1731651317&P2=404&P3=2&P4=PrartJEPok3IPH7%2fkQGb3z%2f98MiwtU8iyzi%2bfxXxOV1CZeiuk48hM3u%2fEJ8tbpz1zxNm2kWx4wEGw0CxwMgy8g%3d%3d HTTP/1.1 "
"577225","9552.949141","2a04:4e42:9::684","2406:7400:ff03:205c:d7a:2da7:512d:259b","HTTP","985","HTTP/1.1 206 Partial Content  (application/x-chrome-extension)"
"577240","9557.330325","2406:7400:ff03:205c:d7a:2da7:512d:259b","2a04:4e42:9::684","HTTP","506","GET /filestreamingservice/files/12e3f55e-43d7-4001-9208-a5d8780d9fd7?P1=1731651317&P2=404&P3=2&P4=PrartJEPok3IPH7%2fkQGb3z%2f98MiwtU8iyzi%2bfxXxOV1CZeiuk48hM3u%2fEJ8tbpz1zxNm2kWx4wEGw0CxwMgy8g%3d%3d HTTP/1.1 "
"577243","9557.528641","2a04:4e42:9::684","2406:7400:ff03:205c:d7a:2da7:512d:259b","HTTP","862","HTTP/1.1 206 Partial Content  (application/x-chrome-extension)"
"577250","9561.535299","2406:7400:ff03:205c:d7a:2da7:512d:259b","2a04:4e42:9::684","HTTP","506","GET /filestreamingservice/files/12e3f55e-43d7-4001-9208-a5d8780d9fd7?P1=1731651317&P2=404&P3=2&P4=PrartJEPok3IPH7%2fkQGb3z%2f98MiwtU8iyzi%2bfxXxOV1CZeiuk48hM3u%2fEJ8tbpz1zxNm2kWx4wEGw0CxwMgy8g%3d%3d HTTP/1.1 "
"577253","9561.735835","2a04:4e42:9::684","2406:7400:ff03:205c:d7a:2da7:512d:259b","HTTP","476","HTTP/1.1 206 Partial Content  (application/x-chrome-extension)"
"577258","9563.615218","2406:7400:ff03:205c:d7a:2da7:512d:259b","2a04:4e42:9::684","HTTP","506","GET /filestreamingservice/files/12e3f55e-43d7-4001-9208-a5d8780d9fd7?P1=1731651317&P2=404&P3=2&P4=PrartJEPok3IPH7%2fkQGb3z%2f98MiwtU8iyzi%2bfxXxOV1CZeiuk48hM3u%2fEJ8tbpz1zxNm2kWx4wEGw0CxwMgy8g%3d%3d HTTP/1.1 "
"577260","9563.814611","2a04:4e42:9::684","2406:7400:ff03:205c:d7a:2da7:512d:259b","HTTP","1374","HTTP/1.1 206 Partial Content  (application/x-chrome-extension)"
"577262","9565.700386","2406:7400:ff03:205c:d7a:2da7:512d:259b","2a04:4e42:9::684","HTTP","506","GET /filestreamingservice/files/12e3f55e-43d7-4001-9208-a5d8780d9fd7?P1=1731651317&P2=404&P3=2&P4=PrartJEPok3IPH7%2fkQGb3z%2f98MiwtU8iyzi%2bfxXxOV1CZeiuk48hM3u%2fEJ8tbpz1zxNm2kWx4wEGw0CxwMgy8g%3d%3d HTTP/1.1 "
"577265","9565.898462","2a04:4e42:9::684","2406:7400:ff03:205c:d7a:2da7:512d:259b","HTTP","1032","HTTP/1.1 206 Partial Content  (application/x-chrome-extension)"
"577274","9567.783148","2406:7400:ff03:205c:d7a:2da7:512d:259b","2a04:4e42:9::684","HTTP","506","GET /filestreamingservice/files/12e3f55e-43d7-4001-9208-a5d8780d9fd7?P1=1731651317&P2=404&P3=2&P4=PrartJEPok3IPH7%2fkQGb3z%2f98MiwtU8iyzi%2bfxXxOV1CZeiuk48hM3u%2fEJ8tbpz1zxNm2kWx4wEGw0CxwMgy8g%3d%3d HTTP/1.1 "
"577277","9567.980740","2a04:4e42:9::684","2406:7400:ff03:205c:d7a:2da7:512d:259b","HTTP","604","HTTP/1.1 206 Partial Content  (application/x-chrome-extension)"
"577289","9569.884673","2406:7400:ff03:205c:d7a:2da7:512d:259b","2a04:4e42:9::684","HTTP","506","GET /filestreamingservice/files/12e3f55e-43d7-4001-9208-a5d8780d9fd7?P1=1731651317&P2=404&P3=2&P4=PrartJEPok3IPH7%2fkQGb3z%2f98MiwtU8iyzi%2bfxXxOV1CZeiuk48hM3u%2fEJ8tbpz1zxNm2kWx4wEGw0CxwMgy8g%3d%3d HTTP/1.1 "
"577292","9570.084159","2a04:4e42:9::684","2406:7400:ff03:205c:d7a:2da7:512d:259b","HTTP","625","HTTP/1.1 206 Partial Content  (application/x-chrome-extension)"
"577294","9571.972843","2406:7400:ff03:205c:d7a:2da7:512d:259b","2a04:4e42:9::684","HTTP","506","GET /filestreamingservice/files/12e3f55e-43d7-4001-9208-a5d8780d9fd7?P1=1731651317&P2=404&P3=2&P4=PrartJEPok3IPH7%2fkQGb3z%2f98MiwtU8iyzi%2bfxXxOV1CZeiuk48hM3u%2fEJ8tbpz1zxNm2kWx4wEGw0CxwMgy8g%3d%3d HTTP/1.1 "
"577297","9572.171885","2a04:4e42:9::684","2406:7400:ff03:205c:d7a:2da7:512d:259b","HTTP","801","HTTP/1.1 206 Partial Content  (application/x-chrome-extension)"
"577347","9575.137881","2406:7400:ff03:205c:d7a:2da7:512d:259b","2a04:4e42:9::684","HTTP","507","GET /filestreamingservice/files/12e3f55e-43d7-4001-9208-a5d8780d9fd7?P1=1731651317&P2=404&P3=2&P4=PrartJEPok3IPH7%2fkQGb3z%2f98MiwtU8iyzi%2bfxXxOV1CZeiuk48hM3u%2fEJ8tbpz1zxNm2kWx4wEGw0CxwMgy8g%3d%3d HTTP/1.1 "
"577354","9575.354392","2a04:4e42:9::684","2406:7400:ff03:205c:d7a:2da7:512d:259b","HTTP","406","HTTP/1.1 206 Partial Content  (application/x-chrome-extension)"
"577358","9577.277062","2406:7400:ff03:205c:d7a:2da7:512d:259b","2a04:4e42:9::684","HTTP","508","GET /filestreamingservice/files/12e3f55e-43d7-4001-9208-a5d8780d9fd7?P1=1731651317&P2=404&P3=2&P4=PrartJEPok3IPH7%2fkQGb3z%2f98MiwtU8iyzi%2bfxXxOV1CZeiuk48hM3u%2fEJ8tbpz1zxNm2kWx4wEGw0CxwMgy8g%3d%3d HTTP/1.1 "
"577367","9577.500940","2a04:4e42:9::684","2406:7400:ff03:205c:d7a:2da7:512d:259b","HTTP","1288","HTTP/1.1 206 Partial Content  (application/x-chrome-extension)"
"577372","9578.321218","2406:7400:ff03:205c:d7a:2da7:512d:259b","2a04:4e42:9::684","HTTP","508","GET /filestreamingservice/files/12e3f55e-43d7-4001-9208-a5d8780d9fd7?P1=1731651317&P2=404&P3=2&P4=PrartJEPok3IPH7%2fkQGb3z%2f98MiwtU8iyzi%2bfxXxOV1CZeiuk48hM3u%2fEJ8tbpz1zxNm2kWx4wEGw0CxwMgy8g%3d%3d HTTP/1.1 "
"577381","9578.537998","2a04:4e42:9::684","2406:7400:ff03:205c:d7a:2da7:512d:259b","HTTP","1366","HTTP/1.1 206 Partial Content  (application/x-chrome-extension)"
"577385","9579.629373","2406:7400:ff03:205c:d7a:2da7:512d:259b","2a04:4e42:9::684","HTTP","508","GET /filestreamingservice/files/12e3f55e-43d7-4001-9208-a5d8780d9fd7?P1=1731651317&P2=404&P3=2&P4=PrartJEPok3IPH7%2fkQGb3z%2f98MiwtU8iyzi%2bfxXxOV1CZeiuk48hM3u%2fEJ8tbpz1zxNm2kWx4wEGw0CxwMgy8g%3d%3d HTTP/1.1 "
"577442","9580.108424","2a04:4e42:9::684","2406:7400:ff03:205c:d7a:2da7:512d:259b","HTTP","1043","HTTP/1.1 206 Partial Content  (application/x-chrome-extension)"
"577449","9580.890185","2406:7400:ff03:205c:d7a:2da7:512d:259b","2a04:4e42:9::684","HTTP","509","GET /filestreamingservice/files/12e3f55e-43d7-4001-9208-a5d8780d9fd7?P1=1731651317&P2=404&P3=2&P4=PrartJEPok3IPH7%2fkQGb3z%2f98MiwtU8iyzi%2bfxXxOV1CZeiuk48hM3u%2fEJ8tbpz1zxNm2kWx4wEGw0CxwMgy8g%3d%3d HTTP/1.1 "
"577564","9581.312656","2a04:4e42:9::684","2406:7400:ff03:205c:d7a:2da7:512d:259b","HTTP","1138","HTTP/1.1 206 Partial Content  (application/x-chrome-extension)"
"577568","9582.187292","2406:7400:ff03:205c:d7a:2da7:512d:259b","2a04:4e42:9::684","HTTP","510","GET /filestreamingservice/files/12e3f55e-43d7-4001-9208-a5d8780d9fd7?P1=1731651317&P2=404&P3=2&P4=PrartJEPok3IPH7%2fkQGb3z%2f98MiwtU8iyzi%2bfxXxOV1CZeiuk48hM3u%2fEJ8tbpz1zxNm2kWx4wEGw0CxwMgy8g%3d%3d HTTP/1.1 "
"577809","9582.641369","2a04:4e42:9::684","2406:7400:ff03:205c:d7a:2da7:512d:259b","HTTP","936","HTTP/1.1 206 Partial Content  (application/x-chrome-extension)"
"577821","9583.434776","2406:7400:ff03:205c:d7a:2da7:512d:259b","2a04:4e42:9::684","HTTP","510","GET /filestreamingservice/files/12e3f55e-43d7-4001-9208-a5d8780d9fd7?P1=1731651317&P2=404&P3=2&P4=PrartJEPok3IPH7%2fkQGb3z%2f98MiwtU8iyzi%2bfxXxOV1CZeiuk48hM3u%2fEJ8tbpz1zxNm2kWx4wEGw0CxwMgy8g%3d%3d HTTP/1.1 "
"578309","9584.063890","2a04:4e42:9::684","2406:7400:ff03:205c:d7a:2da7:512d:259b","HTTP","806","HTTP/1.1 206 Partial Content  (application/x-chrome-extension)"
"578373","9584.708826","2406:7400:ff03:205c:d7a:2da7:512d:259b","2a04:4e42:9::684","HTTP","511","GET /filestreamingservice/files/12e3f55e-43d7-4001-9208-a5d8780d9fd7?P1=1731651317&P2=404&P3=2&P4=PrartJEPok3IPH7%2fkQGb3z%2f98MiwtU8iyzi%2bfxXxOV1CZeiuk48hM3u%2fEJ8tbpz1zxNm2kWx4wEGw0CxwMgy8g%3d%3d HTTP/1.1 "
"579167","9585.328191","2a04:4e42:9::684","2406:7400:ff03:205c:d7a:2da7:512d:259b","HTTP","1172","HTTP/1.1 206 Partial Content  (application/x-chrome-extension)"
"579242","9585.984234","2406:7400:ff03:205c:d7a:2da7:512d:259b","2a04:4e42:9::684","HTTP","512","GET /filestreamingservice/files/12e3f55e-43d7-4001-9208-a5d8780d9fd7?P1=1731651317&P2=404&P3=2&P4=PrartJEPok3IPH7%2fkQGb3z%2f98MiwtU8iyzi%2bfxXxOV1CZeiuk48hM3u%2fEJ8tbpz1zxNm2kWx4wEGw0CxwMgy8g%3d%3d HTTP/1.1 "
"580652","9586.812205","2a04:4e42:9::684","2406:7400:ff03:205c:d7a:2da7:512d:259b","HTTP","1165","HTTP/1.1 206 Partial Content  (application/x-chrome-extension)"
"580725","9587.217102","2406:7400:ff03:205c:d7a:2da7:512d:259b","2a04:4e42:9::684","HTTP","512","GET /filestreamingservice/files/12e3f55e-43d7-4001-9208-a5d8780d9fd7?P1=1731651317&P2=404&P3=2&P4=PrartJEPok3IPH7%2fkQGb3z%2f98MiwtU8iyzi%2bfxXxOV1CZeiuk48hM3u%2fEJ8tbpz1zxNm2kWx4wEGw0CxwMgy8g%3d%3d HTTP/1.1 "
"582605","9588.002829","2a04:4e42:9::684","2406:7400:ff03:205c:d7a:2da7:512d:259b","HTTP","391","HTTP/1.1 206 Partial Content  (application/x-chrome-extension)"
"582629","9588.491552","2406:7400:ff03:205c:d7a:2da7:512d:259b","2a04:4e42:9::684","HTTP","512","GET /filestreamingservice/files/12e3f55e-43d7-4001-9208-a5d8780d9fd7?P1=1731651317&P2=404&P3=2&P4=PrartJEPok3IPH7%2fkQGb3z%2f98MiwtU8iyzi%2bfxXxOV1CZeiuk48hM3u%2fEJ8tbpz1zxNm2kWx4wEGw0CxwMgy8g%3d%3d HTTP/1.1 "
"583153","9588.818918","2a04:4e42:9::684","2406:7400:ff03:205c:d7a:2da7:512d:259b","HTTP","182","HTTP/1.1 206 Partial Content  (application/x-chrome-extension)"
"583180","9591.458509","2406:7400:ff03:205c:d7a:2da7:512d:259b","2a04:4e42:9::684","HTTP","431","HEAD /filestreamingservice/files/bc35041b-0856-43ed-996f-3734dd62fdc1?P1=1731527589&P2=404&P3=2&P4=QOwfbJw9pG7cgFD1ZQAPVudT7egKzCSJIqv2E0keoZX6MgJXZDIHsee0i76CC%2fRYJ2xn%2fwm%2bpv6%2fLyd7l8OuvQ%3d%3d HTTP/1.1 "
"583184","9591.811418","2a04:4e42:9::684","2406:7400:ff03:205c:d7a:2da7:512d:259b","HTTP","691","HTTP/1.1 200 OK "
"583191","9592.125539","2406:7400:ff03:205c:d7a:2da7:512d:259b","2a04:4e42:9::684","HTTP","482","GET /filestreamingservice/files/bc35041b-0856-43ed-996f-3734dd62fdc1?P1=1731527589&P2=404&P3=2&P4=QOwfbJw9pG7cgFD1ZQAPVudT7egKzCSJIqv2E0keoZX6MgJXZDIHsee0i76CC%2fRYJ2xn%2fwm%2bpv6%2fLyd7l8OuvQ%3d%3d HTTP/1.1 "
"583197","9592.328043","2a04:4e42:9::684","2406:7400:ff03:205c:d7a:2da7:512d:259b","HTTP","1269","HTTP/1.1 200 OK  (application/x-chrome-extension)"
"584271","9683.205980","192.168.0.101","106.51.156.144","HTTP","178","GET /ncsi.txt HTTP/1.1 "
"584274","9683.209900","106.51.156.144","192.168.0.101","HTTP","233","HTTP/1.1 200 OK  (text/plain)"
"585333","9732.219052","2406:7400:ff03:205c:d7a:2da7:512d:259b","2404:6800:4007:817::2003","HTTP","274","GET /r/r1.crl HTTP/1.1 "
"585336","9732.247300","2404:6800:4007:817::2003","2406:7400:ff03:205c:d7a:2da7:512d:259b","HTTP","297","HTTP/1.1 304 Not Modified "
"585346","9732.393080","2406:7400:ff03:205c:d7a:2da7:512d:259b","2600:140f:3:11a9::21cc","HTTP","301","GET / HTTP/1.1 "
"585348","9732.420764","2600:140f:3:11a9::21cc","2406:7400:ff03:205c:d7a:2da7:512d:259b","HTTP","337","HTTP/1.1 304 Not Modified "
"585358","9732.563928","2406:7400:ff03:205c:d7a:2da7:512d:259b","2600:140f:3:11a9::21cc","HTTP","301","GET / HTTP/1.1 "
"585360","9732.593504","2600:140f:3:11a9::21cc","2406:7400:ff03:205c:d7a:2da7:512d:259b","HTTP","337","HTTP/1.1 304 Not Modified "
"585362","9732.657781","2406:7400:ff03:205c:d7a:2da7:512d:259b","2404:6800:4007:817::2003","HTTP","276","GET /r/gsr1.crl HTTP/1.1 "
"585364","9732.684514","2404:6800:4007:817::2003","2406:7400:ff03:205c:d7a:2da7:512d:259b","HTTP","297","HTTP/1.1 304 Not Modified "
"585365","9732.735371","2406:7400:ff03:205c:d7a:2da7:512d:259b","2404:6800:4007:817::2003","HTTP","274","GET /r/r4.crl HTTP/1.1 "
"585366","9732.761949","2404:6800:4007:817::2003","2406:7400:ff03:205c:d7a:2da7:512d:259b","HTTP","297","HTTP/1.1 304 Not Modified "
"586167","9833.583462","2406:7400:ff03:205c:d7a:2da7:512d:259b","2406:7400:48:4::6a33:9c98","HTTP","186","GET /connecttest.txt HTTP/1.1 "
"586169","9833.588233","2406:7400:48:4::6a33:9c98","2406:7400:ff03:205c:d7a:2da7:512d:259b","HTTP","261","HTTP/1.1 200 OK  (text/plain)"
"588517","9981.422223","2406:7400:ff03:205c:d7a:2da7:512d:259b","2a04:4e42:9::684","HTTP","356","GET /msdownload/update/v3/static/trustedr/en/pinrulesstl.cab?b78eee2707970236 HTTP/1.1 "
"588560","9981.620455","2a04:4e42:9::684","2406:7400:ff03:205c:d7a:2da7:512d:259b","HTTP","276","HTTP/1.1 304 Not Modified "
"593753","10283.195892","192.168.0.101","106.51.156.144","HTTP","178","GET /ncsi.txt HTTP/1.1 "
"593755","10283.200690","106.51.156.144","192.168.0.101","HTTP","233","HTTP/1.1 200 OK  (text/plain)"
"601124","10793.565243","2406:7400:ff03:205c:d7a:2da7:512d:259b","2406:7400:48:4::6a33:9c98","HTTP","186","GET /connecttest.txt HTTP/1.1 "
"601126","10793.581014","2406:7400:48:4::6a33:9c98","2406:7400:ff03:205c:d7a:2da7:512d:259b","HTTP","261","HTTP/1.1 200 OK  (text/plain)"
"602594","10883.332518","192.168.0.101","106.51.156.144","HTTP","178","GET /ncsi.txt HTTP/1.1 "
"602596","10883.348410","106.51.156.144","192.168.0.101","HTTP","233","HTTP/1.1 200 OK  (text/plain)"
"605733","11142.136158","192.168.0.101","106.51.156.137","HTTP","222","GET /molbin/iss-loc/enganalytics/content/1.24/101/1/events.json HTTP/1.1 "
"605735","11142.140010","106.51.156.137","192.168.0.101","HTTP","287","HTTP/1.1 301 Moved Permanently "
"606352","11169.804563","2406:7400:ff03:205c:d7a:2da7:512d:259b","2402:6800:760:a000::1","HTTP","431","HEAD /filestreamingservice/files/bc35041b-0856-43ed-996f-3734dd62fdc1?P1=1731527355&P2=404&P3=2&P4=GhGN28Mju%2fJYIGY%2bppKZ4HpwsKRcK6kchDEnZagV9N5pMM4TYsjpx4UcUXJLqZ9ZIKlmiazM%2bPpO8WZ%2f7gY04A%3d%3d HTTP/1.1 "
"606353","11169.816468","2402:6800:760:a000::1","2406:7400:ff03:205c:d7a:2da7:512d:259b","HTTP","771","HTTP/1.1 200 OK "
